A2V8WP19CYR0H3,30,1.0
A2YG8SJW6YRQAT,30,1.3333333333333333
A2YG8SJW6YRQAT,32,1.0
A34L4JED8UAIXC,12,2.0
A34L4JED8UAIXC,21,1.0
A34L4JED8UAIXC,22,2.0
A14V0QYZOJJATJ,11,2.0
A14V0QYZOJJATJ,20,1.0
A14V0QYZOJJATJ,30,1.0
A2N3XDC5IMA314,11,0.0
A2N3XDC5IMA314,31,2.0
AZACNY1H74YWS,32,2.0
A28JIPBK8BEKHS,11,0.0
A28JIPBK8BEKHS,21,1.0
A28JIPBK8BEKHS,22,1.0
A28JIPBK8BEKHS,31,2.0
A34SUZWGLXIWM8,10,1.5
A34SUZWGLXIWM8,30,1.5
A35BY30TC8WCL4,10,0.0
A35BY30TC8WCL4,11,0.0
A35BY30TC8WCL4,20,1.0
A2P28MB7IEM5VB,10,0.5
A2P28MB7IEM5VB,22,1.0
A2P28MB7IEM5VB,32,1.0
A3W6T1WDYXMR3,10,1.0
A3W6T1WDYXMR3,11,1.0
A3W6T1WDYXMR3,12,0.0
A3W6T1WDYXMR3,30,2.0
AV3GP5YAMSMSL,10,0.0
AV3GP5YAMSMSL,12,2.0
AV3GP5YAMSMSL,20,1.0
AV3GP5YAMSMSL,30,1.0
AMSWIR4J9XEIJ,11,0.0
AMSWIR4J9XEIJ,21,1.0
AMSWIR4J9XEIJ,22,2.0
AMSWIR4J9XEIJ,30,2.0
AMSWIR4J9XEIJ,31,2.0
A11S8IAAVDXCUS,20,1.0
A11S8IAAVDXCUS,21,0.0
A11S8IAAVDXCUS,30,1.0
A36NXCGATFXEV1,31,0.5
A3D5VAUXFDBM3Z,11,1.0
A3D5VAUXFDBM3Z,21,0.0
A3D5VAUXFDBM3Z,30,1.0
ACRIAJH3VFZR,12,1.0
A330JJZGJL7IG2,12,0.0
A330JJZGJL7IG2,22,2.0
A330JJZGJL7IG2,31,2.0
A330JJZGJL7IG2,32,1.0
A3N8MC9JZWS4WX,11,0.0
A3N8MC9JZWS4WX,12,2.0
A3N8MC9JZWS4WX,30,2.0
A3N8MC9JZWS4WX,31,2.0
A22EBS1RWGEDGF,11,1.3333333333333333
A22EBS1RWGEDGF,30,2.0
A22EBS1RWGEDGF,32,2.0
ASTDBTVY3WP1K,12,2.0
ASTDBTVY3WP1K,21,2.0
ASTDBTVY3WP1K,31,2.0
AHJGJ2J15SEHY,10,0.0
A249TNDSY03Z7Y,11,0.0
A249TNDSY03Z7Y,21,1.0
A249TNDSY03Z7Y,30,2.0
A249TNDSY03Z7Y,31,2.0
A2FBXVIBVLPPI4,11,0.0
A2FBXVIBVLPPI4,12,0.0
A2FBXVIBVLPPI4,30,1.0
A2FBXVIBVLPPI4,31,1.0
A4TF7BTV9SM06,10,0.0
A4TF7BTV9SM06,12,0.0
A4TF7BTV9SM06,31,0.0
A1POZ8CU7KPXN1,10,1.0
A1POZ8CU7KPXN1,30,2.0
A1POZ8CU7KPXN1,31,1.0
A1POZ8CU7KPXN1,32,2.0
A2C7VUFGB8WGCG,11,1.0
A2C7VUFGB8WGCG,12,0.0
A2C7VUFGB8WGCG,30,2.0
A2C7VUFGB8WGCG,31,2.0
A2C7VUFGB8WGCG,32,2.0
A2LV5432PV1S39,11,0.0
A2LV5432PV1S39,12,0.0
A2LV5432PV1S39,31,2.0
A2YGAEODJ5SSF6,10,0.0
A2YGAEODJ5SSF6,21,0.0
A2YGAEODJ5SSF6,32,1.5
A1TK0ZMZ571GG0,30,0.6666666666666666
A1TK0ZMZ571GG0,32,0.0
A27LGC4MU1R7PQ,11,0.0
A27LGC4MU1R7PQ,20,1.0
A27LGC4MU1R7PQ,30,2.0
A2OFN0A5CPLH57,11,1.0
A2OFN0A5CPLH57,30,1.5
A2J5N770I859WE,11,1.0
A2J5N770I859WE,12,1.0
A2J5N770I859WE,31,2.0
A2J5N770I859WE,32,1.0
A2MCRVU8I9VNHG,10,1.0
A2MCRVU8I9VNHG,11,1.0
A2MCRVU8I9VNHG,12,2.0
A2MCRVU8I9VNHG,30,2.0
A2MCRVU8I9VNHG,32,2.0
A2R0YYUAWNT7UD,10,0.0
A2R0YYUAWNT7UD,11,0.0
A2FV7KXQ96EO9O,10,1.0
A2FV7KXQ96EO9O,12,2.0
A2FV7KXQ96EO9O,32,0.0
A2TT6FAIWFD25N,31,0.0
A2TT6FAIWFD25N,32,2.0
AVVXFDH5UUYLT,11,0.0
AVVXFDH5UUYLT,21,1.0
AVVXFDH5UUYLT,30,2.0
AOO39X8E3OJYY,21,1.0
AOO39X8E3OJYY,30,1.0
A113VF9XGFZPR7,12,0.0
A113VF9XGFZPR7,31,1.0
A10H1H4FU0S098,12,2.0
A10H1H4FU0S098,22,2.0
A10H1H4FU0S098,30,0.6666666666666666
A23H9Y6D4J1HFA,31,1.0
A1Q7VWUBIJOK17,20,0.0
A1Q7VWUBIJOK17,21,0.0
A1Q7VWUBIJOK17,32,2.0
A20Z93OKJOUZES,11,1.0
A20Z93OKJOUZES,22,2.0
A20Z93OKJOUZES,31,2.0
A3J6DBTEFYQCCQ,21,0.0
A3J6DBTEFYQCCQ,30,0.0
A3J6DBTEFYQCCQ,31,2.0
A2SWQM5X54P1O5,12,2.0
APLBF6JY2C1QZ,11,2.0
APLBF6JY2C1QZ,21,1.0
APLBF6JY2C1QZ,31,1.0
AHRQAISLH4OE1,22,0.0
AHRQAISLH4OE1,32,2.0
ALVYWY7B2VF9Y,10,0.0
ALVYWY7B2VF9Y,21,2.0
ALVYWY7B2VF9Y,30,1.0
A3GTLCTTVIMPOL,11,1.0
A3GTLCTTVIMPOL,30,2.0
A1TTA3N401CZTS,21,1.0
A1TTA3N401CZTS,32,2.0
A19KF02ULCISTQ,12,0.0
A19KF02ULCISTQ,31,0.0
A1GQZQ9TT8RZJZ,10,1.0
A1GQZQ9TT8RZJZ,11,0.0
A1GQZQ9TT8RZJZ,12,2.0
A1GQZQ9TT8RZJZ,30,1.0
A1GQZQ9TT8RZJZ,31,0.0
A27Y8K3JEAFZIB,12,0.0
A27Y8K3JEAFZIB,20,0.0
A27Y8K3JEAFZIB,30,1.0
A27Y8K3JEAFZIB,31,1.0
AFN5VMMGYPF1I,10,0.0
AFN5VMMGYPF1I,11,1.0
AFN5VMMGYPF1I,21,1.0
AFN5VMMGYPF1I,22,1.0
AFN5VMMGYPF1I,30,2.0
A1N4AZ1QXPOPXH,11,0.3333333333333333
A1N4AZ1QXPOPXH,12,0.0
A1N4AZ1QXPOPXH,30,1.0
A13STUE0VL42FA,21,2.0
A13STUE0VL42FA,30,0.0
A13STUE0VL42FA,32,1.0
AW20BA38TBP8O,30,1.0
AW20BA38TBP8O,32,2.0
APHNYDGTCRN3O,11,0.0
APHNYDGTCRN3O,30,1.0
APHNYDGTCRN3O,31,2.0
APHNYDGTCRN3O,32,1.0
A109CH3492UU42,11,0.0
A109CH3492UU42,32,2.0
A157M7ERFNYO04,11,1.0
A157M7ERFNYO04,12,1.0
A157M7ERFNYO04,31,1.0
A3V5IIPZ95YVKH,11,0.0
A3V5IIPZ95YVKH,30,1.0
A3V5IIPZ95YVKH,31,2.0
AE7OCYR712K7X,11,2.0
AE7OCYR712K7X,32,2.0
A17HVHGFQW5373,20,1.0
A17HVHGFQW5373,21,0.0
AJW3SRVZK05YB,10,1.0
AJW3SRVZK05YB,11,1.0
A12J4IRF5Z06BT,11,0.0
A12J4IRF5Z06BT,31,2.0
A39E9936894TJR,11,0.0
A39E9936894TJR,12,0.0
A39E9936894TJR,31,1.0
A2DIINP8HJJ2BW,31,1.0
A2DIINP8HJJ2BW,32,1.6666666666666667
A3QDV6539I2V8R,11,0.0
A3QDV6539I2V8R,20,1.0
A3QDV6539I2V8R,32,2.0
A4H1NYJVE7C53,20,0.0
A4H1NYJVE7C53,30,0.0
AYXIDCIGUA037,11,1.0
AYXIDCIGUA037,21,1.0
AYXIDCIGUA037,30,1.0
A1T2F28RSW49J,10,1.0
A1T2F28RSW49J,11,0.0
A1BWR5RBQDZQ16,11,0.0
A1BWR5RBQDZQ16,12,1.0
A1BWR5RBQDZQ16,21,1.0
ATADQXPHL10Y8,30,1.0
A1UY2W2FL9CWN,11,1.0
A1UY2W2FL9CWN,12,0.0
A1UY2W2FL9CWN,21,1.0
A2Y7BO0CROURI4,10,0.0
A2Y7BO0CROURI4,21,2.0
A2Y7BO0CROURI4,22,1.0
A2Y7BO0CROURI4,31,1.0
A2Y7BO0CROURI4,32,2.0
A2KPT0PEUEXCC4,11,0.0
A2KPT0PEUEXCC4,21,1.0
A2KPT0PEUEXCC4,30,2.0
A3BCBEB9IFKK3N,11,0.0
A3BCBEB9IFKK3N,31,1.0
A1BNR1ZAF1QGWG,11,0.0
A1BNR1ZAF1QGWG,20,0.0
A1BNR1ZAF1QGWG,30,1.0
A1BNR1ZAF1QGWG,31,2.0
A2541C8MY0BYV3,11,0.0
A2541C8MY0BYV3,12,0.0
A2541C8MY0BYV3,21,2.0
A2541C8MY0BYV3,31,2.0
A13T61GJTR2Y9B,11,1.0
A13T61GJTR2Y9B,20,1.0
A13T61GJTR2Y9B,30,2.0
A13T61GJTR2Y9B,31,1.0
A1TGSYR7H0PKEI,10,0.0
A1TGSYR7H0PKEI,12,1.0
A1TGSYR7H0PKEI,21,0.0
A1TGSYR7H0PKEI,31,2.0
A3G7GSX2R7723Z,10,1.0
A3G7GSX2R7723Z,12,1.0
A3G7GSX2R7723Z,30,2.0
A3G7GSX2R7723Z,31,2.0
A29XL6EF65TG9T,11,0.0
A29XL6EF65TG9T,20,1.0
A29XL6EF65TG9T,21,0.0
A29XL6EF65TG9T,30,0.0
A29XL6EF65TG9T,32,2.0
A37C9M7J88EWEB,11,0.0
A37C9M7J88EWEB,12,0.0
A37C9M7J88EWEB,32,1.0
A1RTLF0OVZI4QT,10,1.0
A1RTLF0OVZI4QT,11,0.0
A1RTLF0OVZI4QT,12,1.0
A1RTLF0OVZI4QT,31,2.0
A3J5KZUQO0EN8N,12,2.0
A3J5KZUQO0EN8N,30,0.0
A3J5KZUQO0EN8N,31,0.0
A1JV64BL3WCK0G,10,1.0
A1JV64BL3WCK0G,11,1.0
A1JV64BL3WCK0G,31,2.0
A1JV64BL3WCK0G,32,2.0
A2PXJTMWGUE5DC,10,2.0
A2PXJTMWGUE5DC,11,1.0
A2PXJTMWGUE5DC,12,2.0
A2PXJTMWGUE5DC,31,2.0
A2SMAZGQOV2IAU,12,2.0
A2SMAZGQOV2IAU,31,1.5
A2SMAZGQOV2IAU,32,1.0
A3KQFHKX2NNN9M,11,0.0
A3KQFHKX2NNN9M,20,2.0
A3KQFHKX2NNN9M,32,2.0
A2NFKOH8HAAL1P,10,0.5
A2NFKOH8HAAL1P,11,0.0
A2NFKOH8HAAL1P,20,1.0
A2NFKOH8HAAL1P,30,2.0
A2749DC85C9H0F,11,0.5
A2749DC85C9H0F,12,1.0
A2749DC85C9H0F,30,2.0
A2749DC85C9H0F,31,2.0
A248ARSA6FS20S,11,1.0
A248ARSA6FS20S,31,1.6666666666666667
A2BO8M77CS3SGZ,11,1.0
AHPOOKYE7V04D,12,2.0
AHPOOKYE7V04D,21,0.0
AHPOOKYE7V04D,31,2.0
A2V5UKCCCR53C5,12,1.0
A2V5UKCCCR53C5,20,1.0
A2V5UKCCCR53C5,30,1.5
A2F79GFUWU5O96,10,1.0
A2F79GFUWU5O96,22,2.0
A2F79GFUWU5O96,30,2.0
A1ZVJG95R02F3N,20,0.0
A1ZVJG95R02F3N,21,1.0
A1ZVJG95R02F3N,31,1.5
A1ZVJG95R02F3N,32,2.0
A12FCLCVIM2CL3,10,0.5
A12FCLCVIM2CL3,12,1.0
A12FCLCVIM2CL3,30,2.0
A12FCLCVIM2CL3,32,2.0
AYCHPTQRYDT7G,11,1.0
AYCHPTQRYDT7G,12,1.0
AYCHPTQRYDT7G,31,2.0
A3BHRFFG75X3GO,10,1.0
AAXYYH9MI3PJM,11,0.0
AAXYYH9MI3PJM,12,0.0
AAXYYH9MI3PJM,22,1.0
AAXYYH9MI3PJM,30,2.0
A2KBZ75HMJ7KVX,10,0.0
A2KBZ75HMJ7KVX,11,0.0
A2KBZ75HMJ7KVX,21,0.0
A2KBZ75HMJ7KVX,30,1.0
A2KBZ75HMJ7KVX,31,1.0
AGBDM85RLYTGL,21,0.0
AGBDM85RLYTGL,22,0.0
AGBDM85RLYTGL,32,1.0
A2K9HSMVUUZJSI,11,1.0
A2K9HSMVUUZJSI,30,1.5
A2K9HSMVUUZJSI,31,2.0
A2AWBDW9V1E9KT,10,1.0
A2AWBDW9V1E9KT,11,0.0
A2AWBDW9V1E9KT,12,0.0
A2AWBDW9V1E9KT,21,2.0
A273GB71FE8RIV,21,1.0
A273GB71FE8RIV,30,1.5
A273GB71FE8RIV,31,0.0
ANBIWXLNKFCQQ,10,1.5
ANBIWXLNKFCQQ,30,2.0
ANBIWXLNKFCQQ,31,0.5
A1E5PWE8O010XK,11,0.0
A1E5PWE8O010XK,21,2.0
A1E5PWE8O010XK,31,2.0
A1B7QPPS5Q43EX,30,1.0
A2BK45LZGGWPLX,20,1.0
A2BK45LZGGWPLX,31,1.0
A35BQPABKN4Q8C,10,0.0
A35BQPABKN4Q8C,12,0.0
A35BQPABKN4Q8C,30,2.0
A35BQPABKN4Q8C,32,2.0
A3GEHH49HNJM57,10,1.0
A3GEHH49HNJM57,11,0.0
A3GEHH49HNJM57,12,2.0
A3GEHH49HNJM57,30,2.0
A3GEHH49HNJM57,32,2.0
A28ZWKKX9NF1O9,10,0.0
A28ZWKKX9NF1O9,11,0.0
A28ZWKKX9NF1O9,22,0.0
A28ZWKKX9NF1O9,31,1.0
A28ZWKKX9NF1O9,32,2.0
AO7FM98CP90CL,11,0.0
AO7FM98CP90CL,20,2.0
AO7FM98CP90CL,21,1.0
AO7FM98CP90CL,32,2.0
ATCTXYKA2Y1CD,10,1.0
AKC6351TW2FA4,10,0.0
AKC6351TW2FA4,11,0.0
AKC6351TW2FA4,12,0.0
AKC6351TW2FA4,30,1.0
ASROVV61167I6,11,1.0
ASROVV61167I6,31,1.0
AC4LBMA5QJJ1I,12,1.0
AC4LBMA5QJJ1I,30,0.0
AC4LBMA5QJJ1I,31,2.0
A13TFZTDF48KI2,21,0.0
A13TFZTDF48KI2,30,2.0
A2ZDK0Y5466BXN,12,1.3333333333333333
A2ZDK0Y5466BXN,30,1.0
A2CJY4787IR70K,11,1.0
A2CJY4787IR70K,12,2.0
A2CJY4787IR70K,32,2.0
AG4LR5A7TCRH9,11,1.0
AG4LR5A7TCRH9,20,0.0
AG4LR5A7TCRH9,31,2.0
AG4LR5A7TCRH9,32,1.0
A1CGWJOF9NSH0T,11,0.0
A1CGWJOF9NSH0T,21,2.0
A1CGWJOF9NSH0T,31,1.0
A364RJUWQ77TDQ,12,0.0
A364RJUWQ77TDQ,31,1.6666666666666667
A2KTFRPDBM635X,10,1.0
A2KTFRPDBM635X,11,1.0
A2KTFRPDBM635X,12,2.0
A2KTFRPDBM635X,22,1.0
A2KTFRPDBM635X,30,1.0
A3J9EHZQ9PERAX,30,2.0
A3J9EHZQ9PERAX,32,1.0
A28PS7TGEQCFT4,11,0.0
A28PS7TGEQCFT4,30,1.0
A28PS7TGEQCFT4,31,0.0
A1FR0MUY43CT9Y,11,0.0
A1FR0MUY43CT9Y,12,0.0
A274NFT93QPBGL,32,2.0
AR22D9E55HQBF,10,0.5
AR22D9E55HQBF,22,2.0
AR22D9E55HQBF,30,2.0
A1QUNP6IYOQMZ5,21,0.0
A1QUNP6IYOQMZ5,22,1.0
A1QUNP6IYOQMZ5,30,2.0
AHDBHMH3AY1V2,11,1.0
AHDBHMH3AY1V2,12,2.0
AHDBHMH3AY1V2,31,2.0
A1Y9RGK1U3WWJK,10,1.0
A1Y9RGK1U3WWJK,11,0.0
A1Y9RGK1U3WWJK,20,1.0
A1Y9RGK1U3WWJK,32,2.0
A3NM5SP9NZ9BOJ,22,2.0
A3NM5SP9NZ9BOJ,30,2.0
A3NM5SP9NZ9BOJ,31,1.5
A3EPDU2O2JMR50,10,1.0
A3EPDU2O2JMR50,30,1.5
A3EPDU2O2JMR50,32,2.0
ATDMF76NIJBTW,10,0.5
ATDMF76NIJBTW,21,0.0
ATDMF76NIJBTW,31,1.0
A2YO837C0O1E91,11,0.0
A2YO837C0O1E91,12,2.0
A2YO837C0O1E91,21,2.0
A1XMFODRPFWKJ7,21,1.0
A1XMFODRPFWKJ7,30,1.5
A1XMFODRPFWKJ7,31,1.0
A2Q0KK9YL1O7B6,10,1.0
A2Q0KK9YL1O7B6,11,0.0
A2Q0KK9YL1O7B6,22,2.0
A2Q0KK9YL1O7B6,31,2.0
A2Q0KK9YL1O7B6,32,2.0
A2BNWPI0NDI7K7,10,0.0
A2BNWPI0NDI7K7,11,0.0
A31Y2UA2LPDSWZ,11,0.0
A31Y2UA2LPDSWZ,31,1.3333333333333333
A1ZPF2GZ6PHBDA,30,2.0
A1ZPF2GZ6PHBDA,31,0.3333333333333333
A1ZPF2GZ6PHBDA,32,0.0
AJ2YZ04L81F1A,12,0.0
AJ2YZ04L81F1A,22,0.0
AJ2YZ04L81F1A,32,0.0
A2SPN13958U7NJ,12,2.0
A2SPN13958U7NJ,31,2.0
A2SPN13958U7NJ,32,2.0
A35XHML3ZG2HFA,21,1.0
A35XHML3ZG2HFA,22,2.0
A35XHML3ZG2HFA,31,1.3333333333333333
A15RNM75ICEC05,12,0.0
A15RNM75ICEC05,21,0.0
A15RNM75ICEC05,31,1.3333333333333333
A2IXBTOWQRCLPZ,10,2.0
A2IXBTOWQRCLPZ,12,0.0
A2IXBTOWQRCLPZ,21,2.0
A2IXBTOWQRCLPZ,31,2.0
A2IXBTOWQRCLPZ,32,1.0
A150MDVC0C92OT,10,0.0
A150MDVC0C92OT,11,0.0
A150MDVC0C92OT,30,1.0
A150MDVC0C92OT,32,2.0
A2KPTJMOIYHG69,10,1.0
A2KPTJMOIYHG69,21,2.0
A2KPTJMOIYHG69,32,2.0
A1WG3KVS2YR4G0,10,0.5
A1WG3KVS2YR4G0,22,2.0
A1WG3KVS2YR4G0,30,2.0
A21GYIDUNZ4BHE,11,2.0
A21GYIDUNZ4BHE,20,1.0
A21GYIDUNZ4BHE,22,0.0
A21GYIDUNZ4BHE,30,1.5
A1HKXCQXXGQFA,22,2.0
A1HKXCQXXGQFA,31,2.0
A27HVVLSZZ13XK,10,1.0
A27HVVLSZZ13XK,12,0.0
A1IZ4NX41GKU4X,10,0.0
A1IZ4NX41GKU4X,12,2.0
A1IZ4NX41GKU4X,30,1.0
AFJA6W2RWNQCZ,12,1.0
AFJA6W2RWNQCZ,20,1.0
AFJA6W2RWNQCZ,30,2.0
AFJA6W2RWNQCZ,32,2.0
A2TCIHHKLL8LQC,11,1.0
A2TCIHHKLL8LQC,20,2.0
A2TCIHHKLL8LQC,30,2.0
A2TCIHHKLL8LQC,31,2.0
A2OJMQGSQBEKEQ,20,1.0
A2OJMQGSQBEKEQ,30,1.0
A2OJMQGSQBEKEQ,32,2.0
A19TL7AJ0FB1JG,21,1.0
A19TL7AJ0FB1JG,31,0.0
A19TL7AJ0FB1JG,32,2.0
A26T3M57NK46L5,12,1.0
A26T3M57NK46L5,30,1.0
A26T3M57NK46L5,31,0.0
A26T3M57NK46L5,32,1.0
ACOKFBC75D5OR,10,1.0
ACOKFBC75D5OR,11,0.0
ACOKFBC75D5OR,20,1.0
ACOKFBC75D5OR,21,2.0
ACOKFBC75D5OR,31,2.0
AS45CWQF2YFIQ,11,1.0
AS45CWQF2YFIQ,12,0.0
AS45CWQF2YFIQ,21,1.0
AS45CWQF2YFIQ,32,2.0
A2ZSDMCQ5P0BJJ,11,0.0
A2ZSDMCQ5P0BJJ,22,2.0
A2ZSDMCQ5P0BJJ,30,1.5
A2ZSDMCQ5P0BJJ,31,1.0
A2O543PJ8110HB,20,0.0
A2O543PJ8110HB,22,2.0
A2O543PJ8110HB,30,0.0
A2O543PJ8110HB,32,0.0
A3J01A18AJBGKX,21,1.0
A3J01A18AJBGKX,31,2.0
A1PI3EYSKGK1L6,10,0.0
A1PI3EYSKGK1L6,21,1.0
A1PI3EYSKGK1L6,32,1.0
A1TEQTP52NS7D1,11,0.6666666666666666
A1TEQTP52NS7D1,12,0.5
A3TF0TA67EBKBE,10,1.0
A3TF0TA67EBKBE,11,1.0
A3TF0TA67EBKBE,21,1.0
A3TF0TA67EBKBE,30,2.0
A3TF0TA67EBKBE,31,2.0
a2wrot8qgfds86,10,0.0
a2wrot8qgfds86,11,0.0
a2wrot8qgfds86,21,0.0
a2wrot8qgfds86,30,2.0
a2wrot8qgfds86,31,2.0
A3DFMWYTKJ57L,11,2.0
A2NBQXD2V7045H,11,0.0
A21ZMR7O42OSMI,10,1.0
A21ZMR7O42OSMI,11,1.0
A21ZMR7O42OSMI,12,0.0
A21ZMR7O42OSMI,21,2.0
AYSG3J2U3UF1Y,12,0.0
AYSG3J2U3UF1Y,20,1.0
AYSG3J2U3UF1Y,21,0.0
AYSG3J2U3UF1Y,31,1.5
A2NT3OQZUUZPEO,11,1.0
A2NT3OQZUUZPEO,22,2.0
A2NT3OQZUUZPEO,31,0.0
AMG9Y1YLBTKIV,10,1.0
AMG9Y1YLBTKIV,22,1.0
AMG9Y1YLBTKIV,30,2.0
A3BUX2X4NAIB3K,12,0.0
A3BUX2X4NAIB3K,21,1.0
A3BUX2X4NAIB3K,31,1.0
A2BWTQWFM1J2IN,10,1.0
A2BWTQWFM1J2IN,11,1.0
A2BWTQWFM1J2IN,12,1.0
A2BWTQWFM1J2IN,30,2.0
A2BWTQWFM1J2IN,32,2.0
A2KYTQNLOF7W7S,10,1.0
A2KYTQNLOF7W7S,11,0.0
A2KYTQNLOF7W7S,32,2.0
AO8LXT6Z1D9MU,21,0.0
AO8LXT6Z1D9MU,30,0.0
A1Q5KU5RVDE67,11,1.0
A1Q5KU5RVDE67,22,1.0
A1Q5KU5RVDE67,31,2.0
A34930YXVQ8SUT,11,0.0
A34930YXVQ8SUT,30,1.0
A34930YXVQ8SUT,31,0.0
A1HBIE5LRTQK1L,20,1.0
A1HBIE5LRTQK1L,30,2.0
A8BW189UIEIJA,21,1.0
A1ZBCPFZH8XT7X,31,0.3333333333333333
A266KTWY0HBD2F,22,0.0
A266KTWY0HBD2F,31,0.0
A266KTWY0HBD2F,32,2.0
A2ZRF4I5RTKN7G,11,1.0
A2ZRF4I5RTKN7G,12,1.0
A2ZRF4I5RTKN7G,30,1.0
A2ZRF4I5RTKN7G,31,2.0
A2ZRF4I5RTKN7G,32,2.0
A1GXFMAC759VRM,10,1.0
A1GXFMAC759VRM,11,1.0
A1GXFMAC759VRM,12,2.0
A1GXFMAC759VRM,20,1.0
A1GXFMAC759VRM,22,2.0
A1GXFMAC759VRM,30,2.0
A1GXFMAC759VRM,31,2.0
A1L6PGLE7CIS12,11,1.0
A1L6PGLE7CIS12,22,2.0
A1L6PGLE7CIS12,30,2.0
A1L6PGLE7CIS12,31,2.0
A1EN3FW93BSXQQ,10,1.0
A1EN3FW93BSXQQ,12,2.0
A1EN3FW93BSXQQ,30,2.0
A1EN3FW93BSXQQ,32,1.0
A10G57EYF3HK46,10,1.0
A10G57EYF3HK46,32,0.0
A1CJM3ULFBWN1E,11,0.0
A1CJM3ULFBWN1E,12,0.0
A1CJM3ULFBWN1E,22,1.0
A1CJM3ULFBWN1E,30,1.0
A1UUNYHX3M8O3O,12,0.0
A1UUNYHX3M8O3O,21,0.0
A1UUNYHX3M8O3O,22,1.0
A5CMNI7B03XL,11,1.0
A5CMNI7B03XL,20,2.0
A5CMNI7B03XL,21,1.0
A5CMNI7B03XL,31,0.0
A2ESBX4C2Q6TQY,11,1.0
A2ESBX4C2Q6TQY,12,0.0
A2ESBX4C2Q6TQY,21,2.0
A1YC558J4E5KZ,21,2.0
A1YC558J4E5KZ,22,2.0
pmuruka,10,0.0
A3G9MSZVWB7W42,11,0.5
A3G9MSZVWB7W42,31,1.0
AY25KKNLTK9D3,10,0.0
AY25KKNLTK9D3,11,0.0
AY25KKNLTK9D3,31,1.0
AY25KKNLTK9D3,32,2.0
AUOYNTKOGOFOM,10,1.0
AUOYNTKOGOFOM,12,1.0
AUOYNTKOGOFOM,22,2.0
AUOYNTKOGOFOM,30,2.0
A1PLN4H19MD4PX,21,1.0
A1PLN4H19MD4PX,31,1.5
AOUZBLGN7NVT0,10,1.0
AOUZBLGN7NVT0,22,2.0
AOUZBLGN7NVT0,30,2.0
A9O273N0X06JS,11,0.0
A9O273N0X06JS,20,1.0
A9O273N0X06JS,22,2.0
A9O273N0X06JS,32,2.0
A2W1C5PDHUF25O,10,0.5
A2W1C5PDHUF25O,12,2.0
A2W1C5PDHUF25O,22,0.0
AZGOCLAHG5WK3,10,1.0
AZGOCLAHG5WK3,12,2.0
AZGOCLAHG5WK3,30,1.0
AZGOCLAHG5WK3,31,2.0
A21SF3IKIZB0VN,30,1.0
A3BL2ZEODD79AZ,10,1.0
A3BL2ZEODD79AZ,11,0.0
A3BL2ZEODD79AZ,30,1.0
A3BL2ZEODD79AZ,31,2.0
A1BWS5AD2T4NIR,10,0.0
A1BWS5AD2T4NIR,11,0.0
A1BWS5AD2T4NIR,22,2.0
A1BWS5AD2T4NIR,31,0.0
A1BWS5AD2T4NIR,32,2.0
AXGCH3EOOB0XG,11,0.0
AXGCH3EOOB0XG,12,1.0
AIJEWX92UW722,30,1.0
AYF8B7WJO2YQU,10,1.5
AYF8B7WJO2YQU,30,2.0
AYF8B7WJO2YQU,32,2.0
A34XZV139BS4I0,21,2.0
A34XZV139BS4I0,30,2.0
A34XZV139BS4I0,31,2.0
A34XZV139BS4I0,32,2.0
A2XM6C78S9L8UG,10,1.0
A2XM6C78S9L8UG,11,1.0
A2XM6C78S9L8UG,12,1.0
A2XM6C78S9L8UG,32,2.0
A344DR7QJ4E3UI,11,0.0
A344DR7QJ4E3UI,21,2.0
A344DR7QJ4E3UI,31,2.0
A3DTBL9NV7SDQC,31,1.5
A3DTBL9NV7SDQC,32,2.0
A19OIKS5TWXCGS,30,1.0
A1Y2CPK3UHNSO0,12,0.0
A1Y2CPK3UHNSO0,20,1.0
A1Y2CPK3UHNSO0,30,0.5
A351P2O6QGTCS,30,1.3333333333333333
A351P2O6QGTCS,32,1.0
AF4GCRZE8LNB7,11,0.0
AF4GCRZE8LNB7,12,0.0
AF4GCRZE8LNB7,21,1.0
A22WWSTT8TU7G1,10,0.0
A22WWSTT8TU7G1,22,1.0
A22WWSTT8TU7G1,30,1.6666666666666667
A2XW9Z8RSTFT6S,11,0.0
A2XW9Z8RSTFT6S,21,0.0
A2XW9Z8RSTFT6S,30,1.5
A2XW9Z8RSTFT6S,32,2.0
A2QQY4S73JO639,12,0.0
A2QQY4S73JO639,21,0.0
A2QQY4S73JO639,31,0.6666666666666666
A3MEXVF979S444,10,1.5
A3MEXVF979S444,22,1.0
A3MEXVF979S444,31,2.0
A1NP3XGUAKE96X,11,0.0
A1NP3XGUAKE96X,31,0.5
A1NP3XGUAKE96X,32,0.0
A2QY9M9JK2W3YJ,11,0.0
ALEJWTTZHO3AV,11,1.0
ALEJWTTZHO3AV,12,2.0
ALEJWTTZHO3AV,32,2.0
A3SMTP08PPXDWA,10,1.0
A3SMTP08PPXDWA,22,1.0
A3SMTP08PPXDWA,30,1.0
AB1X97ASE626Q,10,1.0
AB1X97ASE626Q,11,1.0
A177PH8HH3T5P8,32,2.0
A4E1UYPDHE8D8,10,1.0
A4E1UYPDHE8D8,21,2.0
A4E1UYPDHE8D8,30,1.5
A2CH0ISUH1E40F,10,0.0
A2CH0ISUH1E40F,11,0.0
A2CH0ISUH1E40F,30,2.0
A2CH0ISUH1E40F,32,2.0
A35NZAXRVLAC0G,10,2.0
A35NZAXRVLAC0G,12,1.0
A35NZAXRVLAC0G,21,0.0
A35NZAXRVLAC0G,30,1.0
A35NZAXRVLAC0G,31,2.0
A2BNOEYZ3VRW2R,10,0.0
A2BNOEYZ3VRW2R,11,0.0
A2BNOEYZ3VRW2R,12,1.0
A2BNOEYZ3VRW2R,32,2.0
A190VSP1NFNBR9,10,0.0
A190VSP1NFNBR9,11,0.0
A190VSP1NFNBR9,12,1.0
A190VSP1NFNBR9,21,0.0
A190VSP1NFNBR9,30,1.0
AVMIXXCHPD291,10,2.0
AVMIXXCHPD291,11,1.0
AVMIXXCHPD291,30,2.0
A1P14RA5FX3HPD,10,0.5
A1P14RA5FX3HPD,32,2.0
A1JJTQ5CX1RSS9,10,1.0
A1JJTQ5CX1RSS9,11,0.0
A1JJTQ5CX1RSS9,12,1.0
A1JJTQ5CX1RSS9,21,0.0
A1JJTQ5CX1RSS9,22,1.0
AL1DIODXTDA89,12,2.0
AL1DIODXTDA89,20,2.0
AL1DIODXTDA89,30,2.0
AL1DIODXTDA89,31,2.0
A25BDZJ7E8I0PG,11,0.0
A25BDZJ7E8I0PG,30,1.0
A2CXYZO73WVCG2,12,1.0
AAE6DGZOC9EWQ,11,0.0
AAE6DGZOC9EWQ,21,1.0
AAE6DGZOC9EWQ,30,2.0
AAE6DGZOC9EWQ,31,2.0
AJ34WB9Z37ILU,11,1.0
AJ34WB9Z37ILU,20,1.0
AJ34WB9Z37ILU,31,1.0
A3J85WP15JFYW0,11,0.0
A3J85WP15JFYW0,21,1.0
A3J85WP15JFYW0,31,0.0
A1FYFBIFYWTMJS,12,1.0
A1FYFBIFYWTMJS,32,2.0
A3EWR58W0SA885,11,0.5
A3EWR58W0SA885,21,1.0
A3EWR58W0SA885,31,2.0
AVR6APJRJK7EF,10,1.0
AVR6APJRJK7EF,12,0.0
AVR6APJRJK7EF,31,1.0
AVR6APJRJK7EF,32,2.0
A2O5OJXCUFQ3FV,11,0.0
A2O5OJXCUFQ3FV,32,1.5
AHJQDF8PAHVDP,30,1.0
AHJQDF8PAHVDP,32,2.0
A1CXXG7SJUHRN1,11,1.0
A2EPJ9V5DYMHR2,12,2.0
A2EPJ9V5DYMHR2,20,1.0
A2EPJ9V5DYMHR2,22,2.0
A2EPJ9V5DYMHR2,31,1.0
A1EB857G7CK9K9,10,0.0
A1EB857G7CK9K9,12,1.0
A1EB857G7CK9K9,21,1.0
A1EB857G7CK9K9,30,2.0
A1EB857G7CK9K9,32,2.0
A2IM40OQ1JHUJ4,11,0.0
A2IM40OQ1JHUJ4,12,0.0
A2IM40OQ1JHUJ4,21,2.0
A3O2MEQCY7X6KR,10,1.0
A3O2MEQCY7X6KR,32,2.0
A1ZWFFGNM0ON,10,1.0
A1ZWFFGNM0ON,30,2.0
A1ZWFFGNM0ON,31,1.0
A3OV174HQJIJK8,11,1.0
A3OV174HQJIJK8,12,1.0
A3OV174HQJIJK8,30,1.0
A3OV174HQJIJK8,31,2.0
A3SOVC54V7Z5LQ,12,1.0
A3SOVC54V7Z5LQ,21,1.0
A3SOVC54V7Z5LQ,32,2.0
A1TMLYFTY2MEFH,30,1.0
A1TMLYFTY2MEFH,31,0.0
A39W3PYK82IBAS,11,0.0
A39W3PYK82IBAS,20,0.0
A39W3PYK82IBAS,30,1.0
A39W3PYK82IBAS,31,0.0
A2WUMRRE9070N8,30,1.0
A2WUMRRE9070N8,31,1.5
AHDW3HGQPMHOL,20,1.0
AHDW3HGQPMHOL,30,2.0
AHDW3HGQPMHOL,31,2.0
AHDW3HGQPMHOL,32,2.0
AUVC78LEL0T6L,12,1.0
AUVC78LEL0T6L,20,1.0
AUVC78LEL0T6L,32,2.0
A14ATQ0J5B0VOX,31,0.3333333333333333
AVI7K876BV3QL,30,1.5
AVI7K876BV3QL,31,0.0
AVI7K876BV3QL,32,2.0
AJQS1T44TD8QN,10,1.0
AJQS1T44TD8QN,30,1.0
AJQS1T44TD8QN,31,0.0
A6bixtwmyhywq,31,0.0
A3BI98I9V2FL0T,11,0.0
A3BI98I9V2FL0T,31,1.0
A19G248ZRHWWHT,11,0.0
A19G248ZRHWWHT,12,0.0
A19G248ZRHWWHT,30,1.0
A19G248ZRHWWHT,32,1.0
A14HWOXMI4R2ON,10,0.0
A14HWOXMI4R2ON,20,0.0
A14HWOXMI4R2ON,30,1.0
A14HWOXMI4R2ON,31,1.0
A9FCR1QRZAM3U,10,0.0
A9FCR1QRZAM3U,11,0.0
A9FCR1QRZAM3U,31,0.5
A9FCR1QRZAM3U,32,2.0
A2FFN1AI9OT327,10,1.0
A2FFN1AI9OT327,11,0.0
A2FFN1AI9OT327,22,2.0
A2FFN1AI9OT327,31,2.0
A2FFN1AI9OT327,32,2.0
A1DP2L19BNZJ2Y,10,1.0
A1DP2L19BNZJ2Y,30,2.0
A1DP2L19BNZJ2Y,31,2.0
A10DEO061A6L3O,12,1.0
A10DEO061A6L3O,22,2.0
A10DEO061A6L3O,31,0.5
A10DEO061A6L3O,32,2.0
A13DGN8O8DP3LK,12,0.0
A13DGN8O8DP3LK,31,0.5
A2EDMO5Z64EDMW,10,1.0
A2EDMO5Z64EDMW,20,2.0
A2EDMO5Z64EDMW,32,2.0
A2TD6LB9994K72,11,0.0
A2TD6LB9994K72,30,1.0
A2TD6LB9994K72,31,2.0
A3GYJ7ZDKUZP7L,11,0.0
A3GYJ7ZDKUZP7L,32,2.0
A3JU7ESQF8NS56,10,1.0
A3JU7ESQF8NS56,20,1.0
A3JU7ESQF8NS56,30,1.5
A3JU7ESQF8NS56,32,2.0
A3HTLXAPOBCVVO,10,2.0
A3HTLXAPOBCVVO,22,1.0
A3HTLXAPOBCVVO,31,1.0
A248P03SBIGVNH,21,2.0
A248P03SBIGVNH,30,2.0
A248P03SBIGVNH,31,2.0
A37QFZ8I1TGH2C,10,0.0
A37QFZ8I1TGH2C,22,2.0
A37QFZ8I1TGH2C,30,1.5
A14NP6X071S7GK,11,0.0
A14NP6X071S7GK,31,0.0
A1A70T3F5D0A6E,11,1.5
A1A70T3F5D0A6E,30,2.0
A1A70T3F5D0A6E,31,2.0
A18I566TMVVSFQ,11,1.0
A18I566TMVVSFQ,21,1.0
A18I566TMVVSFQ,30,2.0
A18I566TMVVSFQ,31,2.0
A18I566TMVVSFQ,32,2.0
A37LY5UTJV2KYZ,10,0.0
A37LY5UTJV2KYZ,11,0.0
A37LY5UTJV2KYZ,12,0.0
A37LY5UTJV2KYZ,32,2.0
A1E9RAXPMZ2CMG,11,0.0
A1E9RAXPMZ2CMG,20,1.0
A1E9RAXPMZ2CMG,21,2.0
A1E9RAXPMZ2CMG,30,2.0
A2UCKZZI9KBBCV,11,1.0
A2UCKZZI9KBBCV,12,1.0
A2UCKZZI9KBBCV,21,2.0
A2UCKZZI9KBBCV,30,1.0
A2UCKZZI9KBBCV,31,1.0
A1I20G9FII2FN5,10,1.0
A1I20G9FII2FN5,11,0.0
A1I20G9FII2FN5,21,1.0
A2HVG934DIDSXQ,11,1.0
A2HVG934DIDSXQ,30,2.0
A1W36Q5THCHYUZ,20,0.0
A1W36Q5THCHYUZ,30,2.0
A1W36Q5THCHYUZ,31,1.0
A1W36Q5THCHYUZ,32,1.0
A3OY0POKX8NCF5,11,0.0
A3OY0POKX8NCF5,12,0.0
A3OY0POKX8NCF5,21,1.0
A3V0ECSC892EW9,20,0.0
A3V0ECSC892EW9,21,2.0
A3V0ECSC892EW9,31,2.0
A3V0ECSC892EW9,32,2.0
A2FB7PA68MG38J,30,2.0
A2FB7PA68MG38J,31,2.0
A90JBLDKW71DX,11,1.0
A90JBLDKW71DX,12,0.0
A90JBLDKW71DX,30,2.0
A187TVQ98O0FN2,31,1.0
A187TVQ98O0FN2,32,2.0
A1GAE58VK66J6J,22,2.0
A1GAE58VK66J6J,30,1.0
A1GAE58VK66J6J,32,2.0
A1UL8XW5GSWYAA,30,1.0
A263CRI673K4QG,10,1.0
A263CRI673K4QG,11,1.0
A263CRI673K4QG,21,2.0
A263CRI673K4QG,30,2.0
A263CRI673K4QG,31,1.0
A3R25SV8HUGML2,11,2.0
A3R25SV8HUGML2,22,2.0
A3R25SV8HUGML2,31,2.0
A3R25SV8HUGML2,32,1.0
A2P2KRN6Y2CQ5B,10,1.0
A2P2KRN6Y2CQ5B,21,1.0
A2P2KRN6Y2CQ5B,30,1.0
A2P2KRN6Y2CQ5B,31,2.0
A2P2KRN6Y2CQ5B,32,2.0
A2S96ZZ70YFPSK,10,0.0
A2S96ZZ70YFPSK,11,1.0
A2S96ZZ70YFPSK,12,2.0
A2S96ZZ70YFPSK,22,2.0
A2S96ZZ70YFPSK,30,2.0
A2S96ZZ70YFPSK,31,0.0
A2S96ZZ70YFPSK,32,2.0
A2NQOD21QCRKG0,11,2.0
A2NQOD21QCRKG0,21,2.0
A2NQOD21QCRKG0,31,2.0
A2R89DNXU10UDP,12,2.0
A2R89DNXU10UDP,30,2.0
AASW4EHSSOG40,11,0.0
AASW4EHSSOG40,21,2.0
AASW4EHSSOG40,31,2.0
A3KNO82DZ519HG,20,1.0
A3KNO82DZ519HG,22,0.0
A3KNO82DZ519HG,30,0.0
A3KNO82DZ519HG,31,2.0
A15LHHN76OW2UM,10,0.0
A15LHHN76OW2UM,12,0.0
A15LHHN76OW2UM,31,0.0
AAW2LFPSQWEAQ,11,0.0
AAW2LFPSQWEAQ,31,2.0
AAW2LFPSQWEAQ,32,1.0
AQ2INPVVXR1G0,11,1.0
AQ2INPVVXR1G0,22,2.0
AQ2INPVVXR1G0,31,2.0
AQ2INPVVXR1G0,32,2.0
A1OS4YKRBTBPTG,11,0.0
A1OS4YKRBTBPTG,12,0.0
A1OS4YKRBTBPTG,22,1.0
A2SNXA5HF2ZFE6,21,2.0
A2SNXA5HF2ZFE6,30,1.0
A2SNXA5HF2ZFE6,31,2.0
A3HEFMJ50IMTY6,21,0.0
A3HEFMJ50IMTY6,30,1.0
A3HEFMJ50IMTY6,31,0.0
A1U2V3827PFUEB,11,2.0
A1U2V3827PFUEB,31,1.0
A3OSR3YW4IQRG4,21,1.0
A3OSR3YW4IQRG4,30,2.0
A3OSR3YW4IQRG4,31,1.0
A2AMSSBUJF4PY5,11,1.0
A2AMSSBUJF4PY5,12,1.5
A2AMSSBUJF4PY5,30,1.5
A2VU8AC7MY3721,30,1.5
A2VU8AC7MY3721,31,2.0
A5EU1AQJNC7F2,10,1.0
A5EU1AQJNC7F2,30,1.5
A5EU1AQJNC7F2,31,1.0
AORE3XRN12722,12,1.0
AORE3XRN12722,21,1.0
AORE3XRN12722,31,1.0
A366JCV00ETS7V,10,1.0
A366JCV00ETS7V,11,1.0
A366JCV00ETS7V,12,2.0
A2U2HC38IZKZFC,12,0.0
A2U2HC38IZKZFC,20,1.0
A2U2HC38IZKZFC,21,2.0
A2U2HC38IZKZFC,31,2.0
A2U2HC38IZKZFC,32,2.0
AH3ER3EJXHRO2,31,2.0
A3AE627X3R2JQI,10,1.0
A3AE627X3R2JQI,11,0.0
A3AE627X3R2JQI,22,2.0
A3AE627X3R2JQI,30,2.0
A3AE627X3R2JQI,31,2.0
A25AMA8W5ASH00,11,1.0
A25AMA8W5ASH00,21,2.0
A25AMA8W5ASH00,31,1.5
A2UYNLN1B4JV8Y,11,2.0
A2UYNLN1B4JV8Y,12,0.0
A2UYNLN1B4JV8Y,30,2.0
AJSS6PQTQSS8D,21,2.0
A3IUEMZG39ZS3H,22,1.0
A3IUEMZG39ZS3H,30,1.0
A3IUEMZG39ZS3H,31,0.0
A3IUEMZG39ZS3H,32,1.0
AR8WU7O3D5PDK,12,0.0
A31UF8SXDRL7NK,11,1.0
A31UF8SXDRL7NK,21,1.0
A31UF8SXDRL7NK,30,2.0
A31UF8SXDRL7NK,31,2.0
AQVQHML14YYJH,10,2.0
AQVQHML14YYJH,11,0.0
AQVQHML14YYJH,12,0.0
AQVQHML14YYJH,30,2.0
AQVQHML14YYJH,31,1.0
A13KPX2M7NNUJE,10,2.0
A13KPX2M7NNUJE,31,2.0
A1ED7TFX4X54JJ,21,2.0
A1ED7TFX4X54JJ,30,1.5
A1ED7TFX4X54JJ,31,2.0
A1FHS282JP487T,11,0.0
A1FHS282JP487T,12,1.0
A1FHS282JP487T,21,2.0
A1FHS282JP487T,31,0.0
A36Z2J5EKOMTON,10,0.0
A36Z2J5EKOMTON,30,2.0
A36Z2J5EKOMTON,31,0.0
A2Q547IGXUG5B6,10,2.0
A2Q547IGXUG5B6,20,2.0
A2Q547IGXUG5B6,21,2.0
A2Q547IGXUG5B6,32,2.0
A27NDL20EPC8HK,10,0.0
A27NDL20EPC8HK,11,0.0
A27NDL20EPC8HK,20,1.0
A27NDL20EPC8HK,30,1.0
A27NDL20EPC8HK,31,0.0
A3G5IPGLH1IIZN,10,0.0
A3G5IPGLH1IIZN,12,0.0
A3G5IPGLH1IIZN,21,1.0
A3G5IPGLH1IIZN,31,2.0
A2XI9YL5UOO2YC,10,0.0
A2XI9YL5UOO2YC,11,1.0
A2XI9YL5UOO2YC,20,2.0
A2XI9YL5UOO2YC,22,2.0
A2UFRXUNXCHIFD,10,0.0
A2UFRXUNXCHIFD,11,0.5
A2UFRXUNXCHIFD,12,1.0
A2Z70GL7HTFFQR,10,1.0
A2Z70GL7HTFFQR,30,2.0
A2Z70GL7HTFFQR,32,2.0
A3O8W872FSEQ9A,10,1.0
A3O8W872FSEQ9A,11,2.0
A3O8W872FSEQ9A,12,2.0
AKO4O0L9613K5,11,0.0
AKO4O0L9613K5,12,1.0
AKO4O0L9613K5,31,0.0
AKO4O0L9613K5,32,1.0
AA9V4NE8SOA4I,20,1.0
AA9V4NE8SOA4I,31,1.3333333333333333
A2ATNPZC1YEZ3,11,1.0
A2ATNPZC1YEZ3,12,0.0
A39C1BN9ZSQ0R2,10,1.0
A39C1BN9ZSQ0R2,20,1.0
A39C1BN9ZSQ0R2,31,1.0
A39C1BN9ZSQ0R2,32,1.5
A1CSDIX05PK9V,20,1.0
A1CSDIX05PK9V,30,2.0
A1CSDIX05PK9V,32,2.0
AC9ESVZWAGS7C,10,1.0
AC9ESVZWAGS7C,11,1.0
AC9ESVZWAGS7C,20,1.0
AC9ESVZWAGS7C,32,1.5
A1O3ABR69LGPIE,10,1.0
A1O3ABR69LGPIE,12,0.0
A1O3ABR69LGPIE,22,0.0
A1O3ABR69LGPIE,31,1.5
A1TQ5B2S7CQ5L1,12,1.0
A1TQ5B2S7CQ5L1,22,1.0
A1TQ5B2S7CQ5L1,30,2.0
A1TQ5B2S7CQ5L1,31,1.0
A1Q4PWSHDWPH1Q,10,0.0
A1Q4PWSHDWPH1Q,12,0.0
A1Q4PWSHDWPH1Q,20,1.0
A1Q4PWSHDWPH1Q,30,2.0
A1W656JWS8OUMX,11,0.0
A1W656JWS8OUMX,12,0.0
A1W656JWS8OUMX,30,1.5
A1W656JWS8OUMX,31,2.0
A1IRKCYXCJGI7T,10,1.0
A1IRKCYXCJGI7T,11,1.0
A1IRKCYXCJGI7T,22,1.0
A1IRKCYXCJGI7T,30,2.0
A2WQT33K6LD9Z5,11,0.0
A2WQT33K6LD9Z5,31,1.0
A3EQVDHHKZRC0K,10,1.0
A3EQVDHHKZRC0K,11,1.0
A3EQVDHHKZRC0K,32,2.0
A3S5508012UDW3,10,0.0
A3S5508012UDW3,11,0.0
A3S5508012UDW3,20,1.5
A3S5508012UDW3,21,2.0
A2HK868AKALN4F,10,1.0
A2HK868AKALN4F,30,2.0
A2HK868AKALN4F,32,2.0
A1C4Z1I2R281UT,10,0.0
A1C4Z1I2R281UT,11,1.0
A1C4Z1I2R281UT,20,2.0
AOTCPS24JM5DQ,11,2.0
AOTCPS24JM5DQ,32,2.0
A128BUMKWWS54Z,11,0.0
A128BUMKWWS54Z,21,1.0
A128BUMKWWS54Z,31,1.0
A3FYSDFRZF4T8,10,1.0
A3FYSDFRZF4T8,20,1.0
AAHZCL4LIPCBQ,30,1.5
A2DXEPC4QFV4R1,10,2.0
A2DXEPC4QFV4R1,12,0.0
A2DXEPC4QFV4R1,30,2.0
A2DXEPC4QFV4R1,31,2.0
A3E9A9O3CLMEW,11,1.0
A3E9A9O3CLMEW,12,1.0
A3E9A9O3CLMEW,22,2.0
A3E9A9O3CLMEW,30,2.0
A3E9A9O3CLMEW,31,2.0
A3DKYNYN50FYFY,10,1.0
A3DKYNYN50FYFY,30,2.0
A3683MQHQTG64Z,12,0.0
A3683MQHQTG64Z,30,0.0
A3683MQHQTG64Z,31,2.0
A1DT85NV46PRGD,10,0.0
A1DT85NV46PRGD,11,0.0
A1DT85NV46PRGD,20,1.0
A1DT85NV46PRGD,22,2.0
A1DT85NV46PRGD,30,1.0
A108WCX8VOPEW7,31,1.0
A2270E5SCIHWV8,10,1.0
A2270E5SCIHWV8,12,0.0
A2270E5SCIHWV8,21,0.5
A2270E5SCIHWV8,31,2.0
A2RBNMRC6942T0,12,0.5
A2RBNMRC6942T0,30,1.5
A2RBNMRC6942T0,31,0.0
A18MC27WTCEBA2,31,0.0
A23GD9XORHIYKZ,12,0.0
A23GD9XORHIYKZ,31,2.0
A1WMAXD98LE8Z3,22,1.0
A1WMAXD98LE8Z3,31,2.0
A610SH5RY1NG1,12,2.0
A610SH5RY1NG1,20,2.0
A17GYBCX4IFEQD,11,2.0
A17GYBCX4IFEQD,21,1.5
A17GYBCX4IFEQD,22,2.0
A17GYBCX4IFEQD,30,1.0
A1Z22XQTUPTAU9,11,1.3333333333333333
A1Z22XQTUPTAU9,30,1.0
A2PAP6WAU1OLNH,10,1.0
A2PAP6WAU1OLNH,20,1.0
A2PAP6WAU1OLNH,30,1.5
A2PAP6WAU1OLNH,32,2.0
A36XEP5H6KBQIB,11,1.0
A36XEP5H6KBQIB,12,1.0
A36XEP5H6KBQIB,21,1.0
A36XEP5H6KBQIB,31,1.0
AT3C00TKZK13L,11,1.0
AT3C00TKZK13L,12,1.0
AT3C00TKZK13L,20,1.0
AT3C00TKZK13L,30,2.0
AT3C00TKZK13L,31,1.0
A35W3CLEP5WXCQ,20,2.0
A35W3CLEP5WXCQ,30,2.0
A35W3CLEP5WXCQ,32,2.0
A3LD1G3R5NOVYH,11,1.0
A3LD1G3R5NOVYH,30,2.0
A3LD1G3R5NOVYH,31,1.0
A1DU31H88K9ZTP,10,0.5
A1DU31H88K9ZTP,12,1.0
A1DU31H88K9ZTP,30,2.0
A1DU31H88K9ZTP,32,2.0
A3P2LT53J1GUBG,11,1.0
A3P2LT53J1GUBG,31,1.5
A3MIIUL4O2DPY7,10,1.0
A3MIIUL4O2DPY7,11,0.0
A3MIIUL4O2DPY7,20,1.0
A3KFPH9FIIG9M3,11,1.0
A3KFPH9FIIG9M3,21,1.0
A3KFPH9FIIG9M3,30,2.0
A3KFPH9FIIG9M3,31,2.0
A1EFXVFL0BX126,21,0.0
A1EFXVFL0BX126,32,2.0
A33FB8F5WQ0RUA,30,1.0
A33FB8F5WQ0RUA,31,1.0
A33FB8F5WQ0RUA,32,2.0
A3QSJY1FFN0N6V,12,0.0
A3QSJY1FFN0N6V,21,2.0
A3QSJY1FFN0N6V,30,2.0
A3QSJY1FFN0N6V,31,2.0
AYTOJF8EUVP03,11,0.0
AYTOJF8EUVP03,12,1.5
AYTOJF8EUVP03,30,2.0
AYTOJF8EUVP03,31,0.0
A1MW350A7ECNSJ,21,0.6666666666666666
A151646H6NCEVU,10,0.0
A151646H6NCEVU,12,1.0
A151646H6NCEVU,20,0.0
A3OLRWACCCCUTU,11,0.0
A3OLRWACCCCUTU,30,2.0
A3OLRWACCCCUTU,31,1.0
ARVXIBUCA8WDZ,10,1.0
ARVXIBUCA8WDZ,21,1.0
ARVXIBUCA8WDZ,22,1.0
ARVXIBUCA8WDZ,30,2.0
ARVXIBUCA8WDZ,31,0.0
A1BI3WXOR5CTHQ,10,0.0
A1BI3WXOR5CTHQ,30,2.0
A1BI3WXOR5CTHQ,31,1.0
A2BK9RMC0NOIH8,10,2.0
A2BK9RMC0NOIH8,11,2.0
A2BK9RMC0NOIH8,12,2.0
A2BK9RMC0NOIH8,21,2.0
A2BK9RMC0NOIH8,32,2.0
A3QOOITS2LIP8Z,11,2.0
A3QOOITS2LIP8Z,12,2.0
A3QOOITS2LIP8Z,21,2.0
A3QOOITS2LIP8Z,32,2.0
A3F55JJCVTTCCW,11,0.0
A3F55JJCVTTCCW,12,0.0
A14IECP4XFVEFR,11,1.0
A14IECP4XFVEFR,12,1.0
A14IECP4XFVEFR,21,0.0
A5DB9OBBOOX6M,11,0.0
A5DB9OBBOOX6M,30,1.0
A5DB9OBBOOX6M,31,2.0
A5DB9OBBOOX6M,32,1.0
A20RO10FV0IOX,12,1.0
A20RO10FV0IOX,31,1.0
A20RO10FV0IOX,32,2.0
A9KHK0MZRZS39,20,2.0
A9KHK0MZRZS39,22,2.0
A9KHK0MZRZS39,30,2.0
A9KHK0MZRZS39,32,2.0
A1IOJ2LGMGISYM,10,0.0
A1IOJ2LGMGISYM,12,2.0
A1IOJ2LGMGISYM,30,1.0
A1IOJ2LGMGISYM,31,0.0
AS1QMPXIT1EGX,10,0.6666666666666666
AS1QMPXIT1EGX,32,1.0
A2HO90QG8WXGEZ,10,1.0
A2HO90QG8WXGEZ,20,1.0
A2HO90QG8WXGEZ,30,2.0
AFRJKS3Z3H4CA,10,0.5
AFRJKS3Z3H4CA,30,2.0
A2G2SLPT39TUKP,10,1.5
A2G2SLPT39TUKP,11,0.5
A2G2SLPT39TUKP,32,2.0
A2SJC9VRBGNC58,10,1.0
A2SJC9VRBGNC58,11,0.0
A2SJC9VRBGNC58,30,1.5
A26KCHVCWDXX38,20,1.0
A26KCHVCWDXX38,21,1.0
A26KCHVCWDXX38,32,2.0
A3RIBFIB7C8D20,10,1.5
A3RIBFIB7C8D20,21,1.0
A3RIBFIB7C8D20,31,2.0
A8RBSFRZQ6O9,31,2.0
ASB8T0H7L99RF,11,1.0
ASB8T0H7L99RF,21,2.0
ASB8T0H7L99RF,30,1.0
A3PJ51GS2AKBO6,11,1.0
A3PJ51GS2AKBO6,20,1.0
A3PJ51GS2AKBO6,30,2.0
A38THML7DR8UXI,10,1.0
A38THML7DR8UXI,12,2.0
A38THML7DR8UXI,20,2.0
A38THML7DR8UXI,21,1.0
AZSAF65XFKDK7,10,0.5
AZSAF65XFKDK7,11,0.0
AZSAF65XFKDK7,32,2.0
A3914P24XPNPY3,11,2.0
A3914P24XPNPY3,31,1.0
A3914P24XPNPY3,32,1.0
A1VGZ2K3HF66TE,10,0.0
A1VGZ2K3HF66TE,11,0.0
A1VGZ2K3HF66TE,12,1.0
A1VGZ2K3HF66TE,32,2.0
A1T2162PMSEH0P,10,1.0
A1T2162PMSEH0P,11,2.0
A1T2162PMSEH0P,12,2.0
A1T2162PMSEH0P,30,2.0
A2V78B2QWOM6RK,30,1.6666666666666667
A26X7XEDEKFJF6,11,0.0
A26X7XEDEKFJF6,12,1.0
AW34JRQ2PDQAV,11,0.0
AW34JRQ2PDQAV,22,1.0
AW34JRQ2PDQAV,32,0.0
A1A2X0T1XE8K89,11,1.0
A1A2X0T1XE8K89,12,1.0
A1A2X0T1XE8K89,21,0.0
A1RXG8RE0SJ4LC,11,0.0
AH28OMNQKFBRT,21,0.0
A28N4YR1LYTKOC,12,1.0
A28N4YR1LYTKOC,30,2.0
A1E94IWWIEHV7S,11,1.0
A1E94IWWIEHV7S,12,0.0
A1E94IWWIEHV7S,31,0.0
A1ZSFIIIU3WH9G,31,1.0
A1NFBKUYYVUYWF,10,1.0
A1NFBKUYYVUYWF,22,1.0
A1NFBKUYYVUYWF,30,2.0
A2G7N0X0PNX0EE,10,1.5
A2G7N0X0PNX0EE,12,2.0
A2G7N0X0PNX0EE,22,2.0
AU0NZI2T3R792,11,0.0
AU0NZI2T3R792,31,1.0
A24AGTG17G0HJH,10,1.0
A24AGTG17G0HJH,11,1.0
A24AGTG17G0HJH,21,1.0
A24AGTG17G0HJH,30,1.0
AD2JL6BFSL5UF,21,1.0
AD2JL6BFSL5UF,31,1.3333333333333333
AU3IU9PKEL7RB,11,0.0
AU3IU9PKEL7RB,22,0.0
AU3IU9PKEL7RB,30,1.5
AU3IU9PKEL7RB,32,1.0
A1QJ2VPPZG16EG,10,1.0
A1QJ2VPPZG16EG,11,0.5
A384DW1A7HI9Z7,10,2.0
A384DW1A7HI9Z7,11,1.0
A384DW1A7HI9Z7,21,2.0
A384DW1A7HI9Z7,30,2.0
A10VLJT7V96D9W,11,1.0
A10VLJT7V96D9W,12,2.0
A10VLJT7V96D9W,20,1.0
A10VLJT7V96D9W,32,2.0
A3FJWFCS4WM9ER,11,2.0
A3FJWFCS4WM9ER,12,0.0
A3FJWFCS4WM9ER,21,2.0
A3FJWFCS4WM9ER,30,2.0
A2A2J1LFFRKY2Q,21,1.0
A2A2J1LFFRKY2Q,30,2.0
A2A2J1LFFRKY2Q,31,1.5
A3CXJ18H14DXBN,10,1.0
A3CXJ18H14DXBN,12,1.0
A3CXJ18H14DXBN,20,1.0
A3CXJ18H14DXBN,31,0.0
A3CXJ18H14DXBN,32,1.0
A1CXMDUNE9A6VO,11,0.0
A1CXMDUNE9A6VO,21,2.0
A1CXMDUNE9A6VO,31,2.0
A1SZCPDUF1M409,11,1.0
A1SZCPDUF1M409,21,1.0
A1SZCPDUF1M409,30,2.0
A1SZCPDUF1M409,31,2.0
A2JRONMDBUJT3K,12,1.0
A2JRONMDBUJT3K,21,1.0
A2JRONMDBUJT3K,22,1.0
A2JRONMDBUJT3K,32,1.0
A3696JXTRKL2FI,10,1.0
A3696JXTRKL2FI,11,0.0
A3696JXTRKL2FI,30,2.0
A31ZQLN5HTZZOS,30,1.0
A31ZQLN5HTZZOS,31,2.0
A1OZPLHNIU1519,12,0.0
A1OZPLHNIU1519,31,1.0
A1OZPLHNIU1519,32,1.0
A279YSE7NB16M0,10,2.0
A279YSE7NB16M0,20,1.0
A279YSE7NB16M0,30,2.0
A279YSE7NB16M0,31,2.0
A279YSE7NB16M0,32,2.0
A1S6QWSCBRYSFZ,10,0.5
A1S6QWSCBRYSFZ,30,1.0
A3CIN7QGB3XJI9,22,2.0
A3CIN7QGB3XJI9,30,1.5
AKNYT1NTK2UFK,12,1.0
AKNYT1NTK2UFK,21,1.0
AKNYT1NTK2UFK,31,2.0
AKNYT1NTK2UFK,32,1.5
A2W547SNOCMC25,11,1.0
A2W547SNOCMC25,31,2.0
A3UEAWMRV5YQ6V,10,0.0
A3UEAWMRV5YQ6V,12,1.0
A3UEAWMRV5YQ6V,20,1.0
A3UEAWMRV5YQ6V,30,2.0
A14D297BQB6QF3,11,0.5
A14D297BQB6QF3,12,2.0
A14D297BQB6QF3,31,2.0
A1KFGU5623A7H,11,2.0
A1KFGU5623A7H,12,2.0
A1KFGU5623A7H,21,2.0
A1KFGU5623A7H,31,2.0
A1ANQNM1UC1PFQ,31,1.0
A1ANQNM1UC1PFQ,32,2.0
A1AZAC9CPBEP6K,10,1.0
A1AZAC9CPBEP6K,11,1.0
A1AZAC9CPBEP6K,12,1.0
A1AZAC9CPBEP6K,30,2.0
A1AZAC9CPBEP6K,31,2.0
A2L5QDGSMYUS7C,11,1.0
A2L5QDGSMYUS7C,12,1.0
A2L5QDGSMYUS7C,30,2.0
A2L5QDGSMYUS7C,31,2.0
A1MA0200HZTP4C,10,1.6666666666666667
A1MA0200HZTP4C,22,2.0
A3579N2TITA69M,21,0.0
A3579N2TITA69M,30,1.0
A3579N2TITA69M,31,1.5
AHV4U78TUUDKI,11,0.0
AHV4U78TUUDKI,21,1.0
AHV4U78TUUDKI,31,1.0
A2WJGI7XNUBRND,11,0.0
A2WJGI7XNUBRND,21,0.0
A25D66AC4QUW2U,10,0.0
A25D66AC4QUW2U,30,2.0
A25D66AC4QUW2U,31,2.0
A25D66AC4QUW2U,32,2.0
A30ZXZT1EVLB0T,11,0.0
A30ZXZT1EVLB0T,30,2.0
A30ZXZT1EVLB0T,31,1.5
ANPTFK4AAFGA1,10,0.5
ANPTFK4AAFGA1,12,1.0
A3ULZGQA5AQMTD,10,1.0
A1GLF2427E02YG,12,1.0
A1GLF2427E02YG,30,2.0
A1GLF2427E02YG,31,1.0
A1GLF2427E02YG,32,1.0
ALDQRWYZ8KQ9A,12,2.0
ALDQRWYZ8KQ9A,20,2.0
ALDQRWYZ8KQ9A,30,2.0
ALDQRWYZ8KQ9A,31,2.0
A3TK7HVFEKB00R,10,1.0
A3TK7HVFEKB00R,21,2.0
A3OF9HAEZVBQ3G,30,2.0
A3G55RJTW3BSGM,10,2.0
A3G55RJTW3BSGM,20,2.0
A3G55RJTW3BSGM,30,2.0
A2G5ZASH1MGQTV,10,1.0
A2G5ZASH1MGQTV,11,0.0
A2G5ZASH1MGQTV,12,0.0
A2G5ZASH1MGQTV,21,2.0
A2G5ZASH1MGQTV,30,2.0
ANGB67ECCF73,10,0.0
ANGB67ECCF73,12,2.0
ANGB67ECCF73,22,1.0
A30KO1ZDD4E02J,21,0.0
A30KO1ZDD4E02J,30,1.0
A30KO1ZDD4E02J,31,1.5
A0137396XUHSY2QWRNC0,10,1.0
A0137396XUHSY2QWRNC0,11,1.0
A0137396XUHSY2QWRNC0,12,1.0
A0137396XUHSY2QWRNC0,31,2.0
AFQAKV1GPPP9H,10,1.0
AFQAKV1GPPP9H,11,0.0
AFQAKV1GPPP9H,30,2.0
AFQAKV1GPPP9H,31,2.0
AFQAKV1GPPP9H,32,2.0
A2602OOFDKNFS8,11,0.0
A2602OOFDKNFS8,12,1.0
A2602OOFDKNFS8,31,2.0
A1JNC3HWWHJD2J,10,0.0
A1JNC3HWWHJD2J,11,0.0
A1JNC3HWWHJD2J,30,1.5
A31UXXZVI3U4E2,10,1.0
A31UXXZVI3U4E2,11,0.0
A31UXXZVI3U4E2,12,0.0
A31UXXZVI3U4E2,21,2.0
A31UXXZVI3U4E2,30,2.0
A2DPD0ZZQ437JD,20,0.0
A2DPD0ZZQ437JD,22,2.0
A2DPD0ZZQ437JD,30,1.5
A3HG5P476PI3GA,20,1.0
A3HG5P476PI3GA,22,0.0
A3HG5P476PI3GA,30,2.0
A3HG5P476PI3GA,31,1.0
A3KOVCQYR8K3HY,10,0.0
A3KOVCQYR8K3HY,30,1.5
A3KOVCQYR8K3HY,31,2.0
A3KOVCQYR8K3HY,32,2.0
A26ZENZ5G8AEGM,10,1.0
A26ZENZ5G8AEGM,12,0.0
A26ZENZ5G8AEGM,31,2.0
A1XLGIFFGB01EU,11,0.5
A1XLGIFFGB01EU,32,1.0
A14WLAP6TCEKO0,11,1.5
A14WLAP6TCEKO0,21,0.0
A14WLAP6TCEKO0,32,2.0
A106ZWSYEM18J2,10,1.0
A106ZWSYEM18J2,11,0.0
A106ZWSYEM18J2,20,1.0
A1JL8N1PWIFDH2,11,1.0
A1JL8N1PWIFDH2,30,1.0
A1XV5A1UPCOPDH,10,1.0
A1XV5A1UPCOPDH,11,0.0
A1XV5A1UPCOPDH,20,1.0
A1XV5A1UPCOPDH,30,2.0
A4H114PG421UP,30,2.0
A3M8JA9XN1J04B,21,1.0
A2A7VABUK61FFH,11,1.0
A2A7VABUK61FFH,30,2.0
A1A3TGZ7DKJWRW,11,2.0
A1A3TGZ7DKJWRW,12,0.0
A1A3TGZ7DKJWRW,32,2.0
A3Q1EZDNIUK41P,10,1.0
A3Q1EZDNIUK41P,11,1.0
A3Q1EZDNIUK41P,30,2.0
A3Q1EZDNIUK41P,31,1.0
A1KJV3S1EK7LUT,12,1.0
A1KJV3S1EK7LUT,21,1.0
A1KJV3S1EK7LUT,32,2.0
A2O31IKB0RQXPE,11,1.0
A2O31IKB0RQXPE,12,0.0
A2O31IKB0RQXPE,20,1.0
A2O31IKB0RQXPE,30,2.0
A2O31IKB0RQXPE,32,1.0
ANMXMEB55AGM6,21,0.0
ANMXMEB55AGM6,30,1.0
ANMXMEB55AGM6,31,1.0
A1BUBB41AO8TZ9,10,1.0
A1BUBB41AO8TZ9,30,2.0
A1BUBB41AO8TZ9,31,2.0
A1G2U62KJ13ZF0,12,1.0
A1G2U62KJ13ZF0,22,2.0
A1G2U62KJ13ZF0,31,0.0
A6660NMTNCKCH,22,1.0
A6660NMTNCKCH,30,1.0
A6660NMTNCKCH,31,0.0
A6660NMTNCKCH,32,0.0
AEH7OCOCDDJ3K,11,2.0
AEH7OCOCDDJ3K,12,1.0
AEH7OCOCDDJ3K,20,1.5
A79ON3CGDXXQG,31,0.5
A79ON3CGDXXQG,32,0.0
A3TJV5PUNWWB9L,11,1.0
A3TJV5PUNWWB9L,12,2.0
A3TJV5PUNWWB9L,31,2.0
A3RFAA33ASU4Z0,11,0.0
A3RFAA33ASU4Z0,22,1.0
A3RFAA33ASU4Z0,30,1.0
A3RFAA33ASU4Z0,31,0.0
A3A4AWBGG0O5ML,10,2.0
A3A4AWBGG0O5ML,11,1.0
A3A4AWBGG0O5ML,31,2.0
A2LW1BUGTPU7RX,21,1.0
A2LW1BUGTPU7RX,30,1.0
A2A1D52ZPSW6L9,10,1.0
A2A1D52ZPSW6L9,12,1.0
A2A1D52ZPSW6L9,30,2.0
A1YYDRHVY4LL8K,10,1.0
A1YYDRHVY4LL8K,12,2.0
A1YYDRHVY4LL8K,30,2.0
A3P5WIW36V70AI,11,0.0
A3P5WIW36V70AI,12,0.0
A3P5WIW36V70AI,31,0.0
A2269W9SSZQMZO,10,0.0
A2269W9SSZQMZO,11,0.0
A2269W9SSZQMZO,30,1.0
AD1WGUMVD6KED,12,2.0
AD1WGUMVD6KED,20,2.0
AD1WGUMVD6KED,21,2.0
AD1WGUMVD6KED,22,1.0
AD1WGUMVD6KED,31,2.0
A1XH79A0MUMSOO,10,0.0
A1XH79A0MUMSOO,11,0.0
A1XH79A0MUMSOO,30,1.0
A1XH79A0MUMSOO,31,2.0
A1WPV6J39K5Z2K,10,1.0
A1WPV6J39K5Z2K,12,1.0
A1WPV6J39K5Z2K,22,1.0
A1WPV6J39K5Z2K,30,2.0
A2T22FJ28MIGI,11,1.0
A2T22FJ28MIGI,31,1.5
ANV4TUKMWLA8E,12,1.0
ANV4TUKMWLA8E,21,1.0
ANV4TUKMWLA8E,32,2.0
A2O76FE5NQWOC8,11,1.0
A2O76FE5NQWOC8,21,2.0
A2O76FE5NQWOC8,30,2.0
A2O76FE5NQWOC8,31,2.0
AJACXA5FC5BYZ,10,1.0
AJACXA5FC5BYZ,30,2.0
A1P3YDRJGXWPDT,11,0.5
A1P3YDRJGXWPDT,30,1.0
A1P3YDRJGXWPDT,31,0.0
A2Q0G312LESWK7,11,1.0
A2Q0G312LESWK7,12,0.0
A2Q0G312LESWK7,21,2.0
A2Q0G312LESWK7,31,2.0
A2Y2RVQO2UVFV1,21,1.0
A2Y2RVQO2UVFV1,30,1.0
A2Y2RVQO2UVFV1,31,0.0
A3GRXY8IYDHWK6,12,1.0
A3GRXY8IYDHWK6,21,0.0
A3GRXY8IYDHWK6,32,2.0
A3LKPARORDKLWT,11,0.0
A3LKPARORDKLWT,20,0.0
A3LKPARORDKLWT,21,0.0
A3LKPARORDKLWT,31,2.0
A1KGCOR8OXYR72,12,1.0
A1KGCOR8OXYR72,31,2.0
A1KGCOR8OXYR72,32,2.0
A2XKIP0PJ3FJ20,11,0.0
A2XKIP0PJ3FJ20,12,0.0
A2XKIP0PJ3FJ20,30,2.0
A2XKIP0PJ3FJ20,31,0.0
A2XKIP0PJ3FJ20,32,0.0
A1QIJ8PQO27CJC,11,0.0
A1QIJ8PQO27CJC,20,1.0
A1QIJ8PQO27CJC,21,0.0
A1QIJ8PQO27CJC,30,2.0
A1QIJ8PQO27CJC,31,2.0
A2O2Q0LVWOWJ1G,12,2.0
A2O2Q0LVWOWJ1G,22,2.0
A2O2Q0LVWOWJ1G,31,0.0
ATKRL38OZAKZN,10,0.0
ATKRL38OZAKZN,11,1.0
ATKRL38OZAKZN,12,2.0
ATKRL38OZAKZN,22,2.0
A24NDC7JH9LEM1,30,1.3333333333333333
A24NDC7JH9LEM1,31,0.0
A24NDC7JH9LEM1,32,0.0
AJ6IIWWL0KF5Q,12,2.0
AJ6IIWWL0KF5Q,30,2.0
AJ6IIWWL0KF5Q,31,2.0
AWW4I36TBGE2D,21,1.0
A16UUHKOGIBHNX,11,2.0
A16UUHKOGIBHNX,22,2.0
A16UUHKOGIBHNX,30,1.0
A16UUHKOGIBHNX,32,2.0
A3N8JP3QR3VPE8,21,2.0
A1IU5OP7BBZHZ7,12,2.0
A1IU5OP7BBZHZ7,30,1.0
A1IU5OP7BBZHZ7,32,2.0
A2JY6WOBMDGBGY,10,1.0
A2JY6WOBMDGBGY,11,1.0
A2JY6WOBMDGBGY,20,1.0
A2JY6WOBMDGBGY,30,1.0
A173LV77LF3SHB,22,2.0
A173LV77LF3SHB,31,2.0
A173LV77LF3SHB,32,2.0
ATV65PFDODC08,10,2.0
ATV65PFDODC08,31,2.0
AL0IT4RSPIWGK,10,0.0
AL0IT4RSPIWGK,11,0.0
AL0IT4RSPIWGK,12,0.5
AL0IT4RSPIWGK,20,2.0
A2DXSHR0ZWHIYD,12,1.0
A2DXSHR0ZWHIYD,21,0.0
A2DXSHR0ZWHIYD,31,0.0
ACUVVGMLPM2NQ,10,1.0
ACUVVGMLPM2NQ,21,2.0
ACUVVGMLPM2NQ,30,1.0
A30N5H4N4C22N8,32,1.0
A1MIR0TP081SKT,22,0.0
A1MIR0TP081SKT,31,0.0
A1MIR0TP081SKT,32,2.0
A330N7LVL2IOVZ,10,2.0
A330N7LVL2IOVZ,12,2.0
A330N7LVL2IOVZ,21,2.0
A330N7LVL2IOVZ,31,0.5
AEK2SAEL9GG39,11,0.0
AEK2SAEL9GG39,12,0.0
AEK2SAEL9GG39,31,1.5
A23DPGTXU8VUG2,10,1.0
A23DPGTXU8VUG2,12,1.0
A23DPGTXU8VUG2,30,1.0
A3PDAJ7LMQMZZ6,21,1.0
A3PDAJ7LMQMZZ6,32,2.0
A3DMZISDAHNJIZ,11,0.0
A3DMZISDAHNJIZ,20,1.5
A3H965G71QLETZ,20,1.0
A3H965G71QLETZ,31,0.0
A3H965G71QLETZ,32,2.0
A3F9IQB0297J9D,11,0.0
A3F9IQB0297J9D,22,2.0
A3F9IQB0297J9D,30,1.5
A3F9IQB0297J9D,31,0.0
ATL88E7W705EG,11,1.0
ATL88E7W705EG,12,1.0
ATL88E7W705EG,31,0.0
A37IDH6SRRZ247,10,1.0
A37IDH6SRRZ247,20,2.0
A37IDH6SRRZ247,21,2.0
A1AV5D442NJWQN,30,2.0
A1AV5D442NJWQN,32,2.0
A3PCYGS91UTBQ9,12,1.0
A3PCYGS91UTBQ9,31,2.0
A3PCYGS91UTBQ9,32,2.0
A2WHQWJD3OQDVN,11,0.0
A1BIJGB7XA0GME,10,0.0
A1BIJGB7XA0GME,30,1.3333333333333333
A17TJCEP04BEZ4,30,2.0
A39AG1ZJOFH634,21,0.0
A39AG1ZJOFH634,31,0.0
A2B09H7FKW643D,10,0.0
A2B09H7FKW643D,11,0.0
A2B09H7FKW643D,21,1.0
A2B09H7FKW643D,30,2.0
A1R3W25JDAUQ09,21,2.0
A1R3W25JDAUQ09,30,0.0
A1R3W25JDAUQ09,31,2.0
AQB67HZSYQBF2,21,1.0
AQB67HZSYQBF2,31,1.0
A3LDNYF163XZI6,12,2.0
A3LDNYF163XZI6,31,0.0
A3LDNYF163XZI6,32,2.0
AB774I47XHB4K,11,0.0
AB774I47XHB4K,30,1.5
AB774I47XHB4K,31,2.0
A3RD75HSSMVHKM,21,0.0
A3RD75HSSMVHKM,22,1.0
A3RD75HSSMVHKM,31,1.0
A3GM78FCDY293T,30,1.0
A3GM78FCDY293T,32,1.0
A1XVYOL52UT8T9,11,1.0
A1XVYOL52UT8T9,20,2.0
A3G8YLXW8BU1GP,10,1.0
A3G8YLXW8BU1GP,12,1.0
A3G8YLXW8BU1GP,21,1.0
A100Y89FZO4J0B,10,0.0
A100Y89FZO4J0B,12,0.0
A100Y89FZO4J0B,30,1.5
A100Y89FZO4J0B,31,2.0
A10DJS6B57HHT7,11,2.0
A10DJS6B57HHT7,20,0.0
A10DJS6B57HHT7,21,1.0
A10DJS6B57HHT7,31,1.0
A1SWV4X4PD25S1,10,1.0
A1SWV4X4PD25S1,21,1.0
A1SWV4X4PD25S1,22,2.0
A1SWV4X4PD25S1,32,2.0
A1H198MRIM37T1,21,2.0
A1H198MRIM37T1,22,2.0
A1H198MRIM37T1,32,2.0
A3D61CCA0LVMWV,10,1.0
A3D61CCA0LVMWV,22,1.0
A3D61CCA0LVMWV,32,1.0
A11R8G0FYA2UVQ,30,2.0
A11R8G0FYA2UVQ,31,2.0
AI7YTRYN64K0Z,10,0.0
AI7YTRYN64K0Z,20,0.0
AI7YTRYN64K0Z,30,0.0
AI7YTRYN64K0Z,31,0.0
AI7YTRYN64K0Z,32,0.0
A2BXVBVLIA1237,30,1.5
A2BXVBVLIA1237,31,1.5
A1G3GN1MWUT25I,12,0.0
A1G3GN1MWUT25I,31,0.0
A2BWRGOY975VVV,30,2.0
A2BWRGOY975VVV,31,1.0
A1XDXU43RJY8X7,11,0.0
A1XDXU43RJY8X7,12,0.0
A1XDXU43RJY8X7,31,2.0
A1CA1PH52XPXPR,10,1.0
A1CA1PH52XPXPR,31,2.0
A1UCB0D27PY623,11,0.0
A1UCB0D27PY623,31,0.5
ATIWKEQ7WB1VH,11,1.0
ATIWKEQ7WB1VH,12,1.0
ATIWKEQ7WB1VH,22,1.0
ATIWKEQ7WB1VH,30,2.0
ATIWKEQ7WB1VH,31,2.0
A1BTABA4W0RU55,12,1.0
A1BTABA4W0RU55,21,1.0
A1J4AZL6MZ675U,10,1.0
A1J4AZL6MZ675U,30,0.0
A1J4AZL6MZ675U,31,2.0
A2ZRJMJTE6ID97,31,0.75
A2ZRJMJTE6ID97,32,1.0
A292QSLC0BUT0O,11,1.0
A292QSLC0BUT0O,12,0.0
A292QSLC0BUT0O,30,1.0
A292QSLC0BUT0O,31,2.0
A370MPTHYDCDKX,10,1.0
A370MPTHYDCDKX,21,1.0
A370MPTHYDCDKX,31,1.0
A38RG04G2OC3UQ,20,1.0
A38RG04G2OC3UQ,21,1.0
A38RG04G2OC3UQ,30,1.0
A3OCBPXIEIWOHV,10,1.0
A3OCBPXIEIWOHV,20,2.0
A3OCBPXIEIWOHV,32,1.0
A15QFI76W7P5F0,10,2.0
A15QFI76W7P5F0,11,0.0
A15QFI76W7P5F0,12,2.0
A15QFI76W7P5F0,30,2.0
A15QFI76W7P5F0,31,0.0
A3AU7L204D8TZK,20,1.0
A3AU7L204D8TZK,21,1.0
A3AU7L204D8TZK,30,1.5
A3AU7L204D8TZK,31,1.0
A2FUF8Z8WCFAR2,31,1.0
A1TNQU9L5L62PL,21,1.0
A8UM292EGKZ14,21,2.0
A26MRON9XGPVB5,32,2.0
A3T0NH9OY5KTG1,10,1.0
A3T0NH9OY5KTG1,11,1.0
A3T0NH9OY5KTG1,12,0.0
A3T0NH9OY5KTG1,30,2.0
A3T0NH9OY5KTG1,31,0.0
A3EVR7FOPM6EA0,10,0.0
A3EVR7FOPM6EA0,11,1.0
A3EVR7FOPM6EA0,30,1.0
A1P8M5BKOTAA8I,11,2.0
A1P8M5BKOTAA8I,12,1.0
A1P8M5BKOTAA8I,21,0.0
A1AHREL15TMJSR,10,1.0
A1AHREL15TMJSR,11,0.0
A1AHREL15TMJSR,30,2.0
A3KM197U5VY086,10,1.0
A3KM197U5VY086,20,1.0
A3KM197U5VY086,30,1.0
AU7A3QNJF3O00,10,1.0
AU7A3QNJF3O00,22,0.0
AU7A3QNJF3O00,30,2.0
A36JP8HRN61Z3V,12,1.5
A36JP8HRN61Z3V,31,0.0
A1O901WTP8TNIE,11,1.0
A1O901WTP8TNIE,12,1.0
A1O901WTP8TNIE,21,1.0
A1O901WTP8TNIE,31,1.0
A207149DHAS89K,20,2.0
A207149DHAS89K,21,0.0
A207149DHAS89K,30,2.0
A207149DHAS89K,32,2.0
A1ESM3HT7G0E6Z,12,0.0
A3CQDCNYJAX2X3,10,1.0
A3CQDCNYJAX2X3,12,1.0
A3CQDCNYJAX2X3,32,2.0
A2WGW5Y3ZFBDEC,11,1.0
A2WGW5Y3ZFBDEC,21,1.0
A2WGW5Y3ZFBDEC,30,2.0
A29RJVVL54THB5,10,0.5
A29RJVVL54THB5,22,1.0
A29RJVVL54THB5,30,2.0
A29RJVVL54THB5,32,2.0
AEQ95NMC3VXQ5,11,1.5
AEQ95NMC3VXQ5,30,1.5
AEQ95NMC3VXQ5,31,1.0
A1HWI4N1RJGKYY,10,1.0
A1HWI4N1RJGKYY,11,1.0
A1HWI4N1RJGKYY,30,2.0
A1HWI4N1RJGKYY,31,0.0
A1HWI4N1RJGKYY,32,2.0
AUT9J39A2N4LH,10,1.0
AUT9J39A2N4LH,11,0.0
AUT9J39A2N4LH,12,0.0
AUT9J39A2N4LH,21,1.0
A1S5KQ3EQPX0GT,11,1.0
A1S5KQ3EQPX0GT,12,1.0
A1S5KQ3EQPX0GT,20,1.0
A1S5KQ3EQPX0GT,22,2.0
A2V28W4THGYYTQ,10,2.0
A2V28W4THGYYTQ,20,2.0
A2NT8U7GSYGISJ,30,2.0
A2NT8U7GSYGISJ,32,2.0
A77K8W55MJEKX,12,0.0
A77K8W55MJEKX,21,1.0
A77K8W55MJEKX,31,2.0
A2XJH3WC02RMXQ,10,0.0
A2XJH3WC02RMXQ,12,0.0
A2XJH3WC02RMXQ,22,2.0
A2XJH3WC02RMXQ,31,0.0
A2XJH3WC02RMXQ,32,2.0
A36W7RZROOARHJ,11,1.0
A36W7RZROOARHJ,12,1.0
A36W7RZROOARHJ,30,1.0
A36W7RZROOARHJ,31,1.0
A36W7RZROOARHJ,32,1.0
A1OAJSMHB0YHWG,10,1.0
A1OAJSMHB0YHWG,12,0.0
A1OAJSMHB0YHWG,21,0.0
A1OAJSMHB0YHWG,32,2.0
ACVXBOS4CZGVQ,10,0.0
ACVXBOS4CZGVQ,11,1.3333333333333333
ACVXBOS4CZGVQ,31,0.0
A1MXVNDUA0XQ3F,12,0.0
A1MXVNDUA0XQ3F,31,1.5
A2VGC7KPMJ9A40,11,1.0
A2VGC7KPMJ9A40,30,2.0
A2VGC7KPMJ9A40,31,2.0
AFXEBGX1I0ZR3,10,2.0
AFXEBGX1I0ZR3,20,1.0
A311S2J8UUQ7QR,11,0.0
A311S2J8UUQ7QR,20,0.0
A311S2J8UUQ7QR,22,0.0
A311S2J8UUQ7QR,30,2.0
A311S2J8UUQ7QR,31,0.0
A1GF29TP5AVQ49,21,1.0
A1GF29TP5AVQ49,22,2.0
A1GF29TP5AVQ49,30,2.0
A1GF29TP5AVQ49,31,2.0
A1GF29TP5AVQ49,32,1.0
A1JX6IVMV5RPO6,20,1.0
A1JX6IVMV5RPO6,21,1.0
A29HUSCMP9TKWW,11,0.0
A29HUSCMP9TKWW,20,1.0
A29HUSCMP9TKWW,30,1.0
A29HUSCMP9TKWW,31,1.0
A29HUSCMP9TKWW,32,2.0
A2FM87EO99KRQ7,11,0.0
A2FM87EO99KRQ7,12,2.0
A2FM87EO99KRQ7,30,1.0
A2FM87EO99KRQ7,31,2.0
A39ROW50DWRRKT,11,1.0
A39ROW50DWRRKT,12,0.0
A39ROW50DWRRKT,21,0.0
A38HODAQUKJKKS,10,0.0
A38HODAQUKJKKS,11,0.0
A38HODAQUKJKKS,12,0.0
A38HODAQUKJKKS,30,2.0
A38HODAQUKJKKS,31,1.0
A38HODAQUKJKKS,32,2.0
A38HFMRXB5Q13M,10,1.0
A38HFMRXB5Q13M,11,1.0
A38HFMRXB5Q13M,22,1.0
A38HFMRXB5Q13M,30,1.0
A1E0KQK232FG0W,10,1.0
A1E0KQK232FG0W,30,2.0
A26D4H8UHMF9DZ,10,0.0
A26D4H8UHMF9DZ,11,0.0
A26D4H8UHMF9DZ,31,1.0
A26D4H8UHMF9DZ,32,1.0
AS68QSR9OKM0N,20,1.0
AS68QSR9OKM0N,21,1.0
AS68QSR9OKM0N,22,1.5
A2MWAXV1YRK5GH,11,1.0
A2MWAXV1YRK5GH,12,1.0
A2MWAXV1YRK5GH,32,2.0
AP71FLGZN13DG,31,2.0
AP71FLGZN13DG,32,2.0
A2MH7VT69O390F,10,0.5
A2MH7VT69O390F,30,2.0
A2MH7VT69O390F,32,1.5
A38430CKSXSBLI,10,0.0
A38430CKSXSBLI,11,0.0
A38430CKSXSBLI,12,1.0
A38430CKSXSBLI,30,2.0
A38430CKSXSBLI,31,0.0
AEKOPV99Z7L85,10,1.0
AEKOPV99Z7L85,20,2.0
AEKOPV99Z7L85,30,2.0
AEKOPV99Z7L85,32,0.5
A1DRFDGG2KCOI2,21,0.0
A1DRFDGG2KCOI2,30,1.0
A1DRFDGG2KCOI2,31,0.0
AUQ79MANVDU9b,11,0.0
AUQ79MANVDU9b,21,1.0
AUQ79MANVDU9b,30,1.0
ATSLRGR0Q491Z,11,0.0
ATSLRGR0Q491Z,12,2.0
ATSLRGR0Q491Z,30,2.0
ATSLRGR0Q491Z,32,2.0
A2BO2BA19Z3Y38,11,0.0
A2BO2BA19Z3Y38,12,0.0
A2BO2BA19Z3Y38,21,1.0
A2BO2BA19Z3Y38,31,0.0
A2HGDILIMZWQI9,10,2.0
A2HGDILIMZWQI9,22,2.0
A1JMB9Z7EYHU1O,11,1.0
A38DC3BG1ZCVZ2,11,1.0
A38DC3BG1ZCVZ2,21,2.0
A38DC3BG1ZCVZ2,22,1.0
A38DC3BG1ZCVZ2,31,1.0
A2QGQOWEM9G55,20,1.0
A2QGQOWEM9G55,30,2.0
AAGP5VATPK8N2,12,0.0
AAGP5VATPK8N2,20,1.0
AAGP5VATPK8N2,30,1.0
AAGP5VATPK8N2,31,0.0
A2EL6CXCGP4OB0,11,2.0
A2EL6CXCGP4OB0,22,2.0
A2EL6CXCGP4OB0,30,1.5
A2EL6CXCGP4OB0,31,2.0
A3CZFTXS9EQSY3,10,2.0
A3CZFTXS9EQSY3,11,0.0
A3CZFTXS9EQSY3,20,1.0
A3CZFTXS9EQSY3,30,1.5
AYKZ9H4BNW810,11,1.0
AYKZ9H4BNW810,12,1.0
AYKZ9H4BNW810,20,1.0
AYKZ9H4BNW810,31,2.0
A1KQWBK5WHCNYQ,10,1.0
A1KQWBK5WHCNYQ,11,1.0
A1KQWBK5WHCNYQ,30,1.5
A1KQWBK5WHCNYQ,31,2.0
A36ZLJPURT0ILP,11,0.0
A36ZLJPURT0ILP,30,2.0
A1I8HSDL5ZYHJ1,10,0.0
A1I8HSDL5ZYHJ1,11,0.6666666666666666
A1I8HSDL5ZYHJ1,30,1.0
A4M2EA2J10E7K,11,2.0
A4M2EA2J10E7K,21,2.0
A4M2EA2J10E7K,22,2.0
A4M2EA2J10E7K,30,2.0
A4M2EA2J10E7K,32,2.0
A219VCQZADQ45W,20,1.0
A219VCQZADQ45W,21,0.0
A219VCQZADQ45W,30,2.0
AVHZJ2HQJG3NB,11,2.0
AVHZJ2HQJG3NB,21,2.0
AVHZJ2HQJG3NB,30,2.0
AVHZJ2HQJG3NB,31,2.0
A39Q4SNT7SRK94,11,1.0
A39Q4SNT7SRK94,21,2.0
AJNQDG8RPYULZ,12,2.0
AJNQDG8RPYULZ,21,0.0
AJNQDG8RPYULZ,22,1.0
A18FK1XR73EQ2W,12,0.0
A18FK1XR73EQ2W,21,1.0
A18FK1XR73EQ2W,31,0.0
A273EH17NSJRH0,11,1.0
A273EH17NSJRH0,12,1.0
A273EH17NSJRH0,21,1.0
A273EH17NSJRH0,30,2.0
A273EH17NSJRH0,32,1.0
A1II7WOCQ4M6E5,11,2.0
A1II7WOCQ4M6E5,12,2.0
A1II7WOCQ4M6E5,30,2.0
A1II7WOCQ4M6E5,31,2.0
A1II7WOCQ4M6E5,32,2.0
A2RVEG53L48BAE,10,0.5
A2RVEG53L48BAE,30,2.0
A2RVEG53L48BAE,32,2.0
AFHYKBNXB3FQ2,11,1.0
AFHYKBNXB3FQ2,20,1.0
AFHYKBNXB3FQ2,30,2.0
A1D0C0LV5259S6,20,1.0
A1D0C0LV5259S6,30,1.5
A1D0C0LV5259S6,31,1.0
A3AIX82WZQZB5A,10,2.0
A3AIX82WZQZB5A,11,0.0
A3AIX82WZQZB5A,30,2.0
A3AIX82WZQZB5A,31,2.0
A3AIX82WZQZB5A,32,2.0
A2A5G51GDBOMLJ,31,0.0
A2A5G51GDBOMLJ,32,2.0
A3U7TRQS729GNW,10,1.0
A3U7TRQS729GNW,12,0.0
A3U7TRQS729GNW,30,1.0
A3U7TRQS729GNW,31,0.0
A2RRYVYUDNK2GB,11,0.5
A2RRYVYUDNK2GB,20,1.0
A2RRYVYUDNK2GB,30,1.5
A13P7QQDWVU76V,22,1.0
A13P7QQDWVU76V,31,0.5
A3PYB8Z6FFWSOV,30,2.0
A3PYB8Z6FFWSOV,31,2.0
A3VYSIS1WIAUCU,10,0.0
A3VYSIS1WIAUCU,11,1.0
A3VYSIS1WIAUCU,20,1.0
A3VYSIS1WIAUCU,32,1.0
AAWMZ1HKXEFNY,10,1.0
AAWMZ1HKXEFNY,21,2.0
AAWMZ1HKXEFNY,30,2.0
A1CC1ESUM2JWJ2,10,1.0
A1CC1ESUM2JWJ2,30,2.0
A1TH0PTGDSBWMO,10,0.0
A1TH0PTGDSBWMO,12,0.0
A2Q9MSAMQZ5SGS,12,2.0
A2Q9MSAMQZ5SGS,21,1.0
A2Q9MSAMQZ5SGS,30,2.0
A2Q9MSAMQZ5SGS,32,1.0
A2AR1V5R7ZZGL2,11,0.0
A2AR1V5R7ZZGL2,12,1.0
A2AR1V5R7ZZGL2,20,2.0
A2AR1V5R7ZZGL2,30,2.0
A2AR1V5R7ZZGL2,31,2.0
A1JDDBMSI4TBXN,10,0.0
A1JDDBMSI4TBXN,12,0.5
A1JDDBMSI4TBXN,30,1.0
A1JDDBMSI4TBXN,31,1.0
A1FSPD1LIOXCN1,10,1.0
A1FSPD1LIOXCN1,11,1.0
A1FSPD1LIOXCN1,22,2.0
A1FSPD1LIOXCN1,32,2.0
A24SALNR7BBAXY,31,2.0
A1QS9R9N56Q1A6,21,2.0
A1QS9R9N56Q1A6,31,1.0
A3HUD3CNH2GXGW,10,1.0
A3HUD3CNH2GXGW,11,1.5
A3HUD3CNH2GXGW,30,2.0
A3DZ46U9XRLVBI,11,1.0
AOW8XHXW76DSF,11,1.0
AOW8XHXW76DSF,31,2.0
A1YQ13SUZBWB7O,30,0.5
A1YQ13SUZBWB7O,32,0.0
A3K2DJJV5DWBFD,12,0.0
A3K2DJJV5DWBFD,30,2.0
A3K2DJJV5DWBFD,31,2.0
A22KRF782ELLB0,10,0.5
A22KRF782ELLB0,12,0.0
A22KRF782ELLB0,22,2.0
A22KRF782ELLB0,30,2.0
A37I58C4258IPX,10,1.0
A37I58C4258IPX,12,1.0
A37I58C4258IPX,22,2.0
A37I58C4258IPX,30,2.0
A37I58C4258IPX,31,2.0
AK6BDWGS7SL6G,11,0.0
AK6BDWGS7SL6G,12,0.0
AK6BDWGS7SL6G,31,2.0
A2RG7VZAKGDEXI,10,1.0
A2RG7VZAKGDEXI,21,0.0
A2RG7VZAKGDEXI,31,2.0
A4M7FP9SHESSZ,10,0.0
A4M7FP9SHESSZ,12,0.0
A4M7FP9SHESSZ,30,0.0
A4M7FP9SHESSZ,31,2.0
A4M7FP9SHESSZ,32,1.0
ACNID00UIEL1T,10,0.0
ACNID00UIEL1T,11,0.0
ACNID00UIEL1T,12,0.0
ACNID00UIEL1T,22,0.0
AE39BR846NHHW,11,0.0
AE39BR846NHHW,21,2.0
AE39BR846NHHW,30,2.0
A3PDTUA1YLJTMC,21,0.0
A3PDTUA1YLJTMC,30,1.5
A3PDTUA1YLJTMC,31,0.5
A271BMHV42XZPU,10,1.0
A271BMHV42XZPU,12,1.0
A271BMHV42XZPU,21,1.0
A271BMHV42XZPU,22,1.0
A271BMHV42XZPU,32,2.0
A24YZF7UFVXEIM,11,0.5
A24YZF7UFVXEIM,30,1.0
A24YZF7UFVXEIM,31,2.0
A1SO9R81HMMIQD,10,0.0
A1SO9R81HMMIQD,12,0.0
A1SO9R81HMMIQD,21,2.0
A1SO9R81HMMIQD,30,1.0
A1SO9R81HMMIQD,32,2.0
A3A6IRYD075F4P,10,1.0
A149MN8UN8O976,10,1.0
A149MN8UN8O976,12,1.0
A149MN8UN8O976,30,1.0
A149MN8UN8O976,31,0.0
A27O2IILV3S5YS,21,2.0
A3V70AZ39FPZ5V,11,0.0
A3V70AZ39FPZ5V,30,1.0
A3V70AZ39FPZ5V,31,2.0
AZM83R37R6I5K,10,1.0
AZM83R37R6I5K,11,1.0
AZM83R37R6I5K,20,1.0
AZM83R37R6I5K,22,1.0
AZM83R37R6I5K,31,2.0
ABUXM7VAW5SKJ,12,0.0
ABUXM7VAW5SKJ,31,1.5
ABUXM7VAW5SKJ,32,1.0
A18T2RB58399AD,12,1.0
A18T2RB58399AD,21,0.0
A18T2RB58399AD,31,1.3333333333333333
A39K9RKR1YHQOR,10,0.5
A39K9RKR1YHQOR,11,0.0
A39K9RKR1YHQOR,30,1.0
A1crd463rzuexe,21,1.0
A1crd463rzuexe,31,1.3333333333333333
A1crd463rzuexe,32,0.0
A1RZXAMDKQO6RN,12,2.0
A1RZXAMDKQO6RN,22,1.0
A1RZXAMDKQO6RN,30,1.0
A1RZXAMDKQO6RN,31,1.0
A1RZXAMDKQO6RN,32,1.0
A39C3299FW5PTO,11,1.0
A39C3299FW5PTO,12,1.0
A273AB0Z9KBLGG,10,0.0
A273AB0Z9KBLGG,11,0.0
A273AB0Z9KBLGG,12,2.0
A273AB0Z9KBLGG,20,1.0
A273AB0Z9KBLGG,30,2.0
A31LPSIQ9A7RWV,11,0.0
A31LPSIQ9A7RWV,20,1.0
A31LPSIQ9A7RWV,21,2.0
A31LPSIQ9A7RWV,31,1.5
A70L26UXLTGLC,10,0.0
A70L26UXLTGLC,11,0.0
A70L26UXLTGLC,30,1.0
A70L26UXLTGLC,31,1.0
A2QJEZZWUPNL4A,11,0.0
A2QJEZZWUPNL4A,31,2.0
AH31QLJ57XC8W,10,0.0
AH31QLJ57XC8W,12,1.0
AH31QLJ57XC8W,20,1.0
AH31QLJ57XC8W,22,1.0
A3OQIVVNLXU5RL,11,0.0
A3OQIVVNLXU5RL,30,0.0
A3OQIVVNLXU5RL,31,1.5
A3B6K6TUKM2133,10,0.5
A3B6K6TUKM2133,12,1.0
A3B6K6TUKM2133,30,2.0
A3B6K6TUKM2133,32,2.0
A1JXSNKXAXT9OU,10,0.0
A1JXSNKXAXT9OU,12,0.0
A1JXSNKXAXT9OU,20,1.0
A1JXSNKXAXT9OU,30,1.0
A8MDEQ4Y2YB7J,10,1.0
A8MDEQ4Y2YB7J,12,1.0
A8MDEQ4Y2YB7J,20,1.0
A8MDEQ4Y2YB7J,31,0.0
A8MDEQ4Y2YB7J,32,2.0
A1HU9IOTYXB4YY,10,1.0
A1HU9IOTYXB4YY,30,1.5
A3AW92ZT3WY05A,10,1.0
A3AW92ZT3WY05A,11,0.0
A3AW92ZT3WY05A,12,0.0
A3AW92ZT3WY05A,31,2.0
A3AW92ZT3WY05A,32,2.0
AENDL556NCWUA,20,0.0
AENDL556NCWUA,21,1.0
AENDL556NCWUA,32,2.0
A1ONILGBGJ8Y5K,12,1.0
A1ONILGBGJ8Y5K,31,1.0
A1ONILGBGJ8Y5K,32,1.0
A2D4E1C1UD7ZK6,20,0.0
A2D4E1C1UD7ZK6,30,2.0
A2D4E1C1UD7ZK6,31,0.0
A3ICWVGCEDRXS0,12,0.0
A3ICWVGCEDRXS0,32,2.0
A13G469LJFEIYZ,10,0.0
A13G469LJFEIYZ,12,2.0
A13G469LJFEIYZ,22,2.0
A13G469LJFEIYZ,31,2.0
A34BY0C3SS3DCI,12,0.5
A34BY0C3SS3DCI,21,1.0
A34BY0C3SS3DCI,31,0.0
A34BY0C3SS3DCI,32,2.0
A27BUT19WQ6P1O,10,1.0
A2RYN1S6OSO9KX,11,1.0
A2RYN1S6OSO9KX,31,0.25
A1NGXQMOBCXDC3,10,1.0
A1NGXQMOBCXDC3,30,2.0
A1NGXQMOBCXDC3,32,1.5
A1ZZINLCZZYOH4,22,0.0
A1ZZINLCZZYOH4,30,1.0
A1ZZINLCZZYOH4,31,0.0
A3O81LHBBI8NPK,12,1.0
A3O81LHBBI8NPK,22,2.0
A3O81LHBBI8NPK,30,1.0
A3O81LHBBI8NPK,31,2.0
AH6PQTU8QFO8U,21,2.0
AH6PQTU8QFO8U,30,2.0
A2CY1G4VJV3G85,11,0.5
A2CY1G4VJV3G85,30,1.0
A2CY1G4VJV3G85,31,2.0
A24L9F9PD7ADP7,10,0.5
A24L9F9PD7ADP7,20,1.0
A24L9F9PD7ADP7,22,1.0
A24L9F9PD7ADP7,32,1.0
A3BUWQ5C39GRQC,11,1.0
A3BUWQ5C39GRQC,21,2.0
A3U74S280Z4B0,10,2.0
A3U74S280Z4B0,20,1.0
A3U74S280Z4B0,22,2.0
A1JVO7FLPATHUB,10,0.0
A1JVO7FLPATHUB,12,0.0
A1JVO7FLPATHUB,21,1.0
A1JVO7FLPATHUB,30,1.0
A1JVO7FLPATHUB,31,2.0
A1XVZCQ983ETMR,20,0.0
A1XVZCQ983ETMR,22,0.5
A1XVZCQ983ETMR,30,1.0
A11E4KZZJMWA6Z,11,1.0
A11E4KZZJMWA6Z,21,1.0
A11E4KZZJMWA6Z,30,2.0
A11E4KZZJMWA6Z,31,2.0
AVXEDARJC5HLU,10,0.0
AVXEDARJC5HLU,30,2.0
AVXEDARJC5HLU,32,2.0
A3HNKN92O6Y0OQ,10,1.0
A3HNKN92O6Y0OQ,30,2.0
A34V8L66BJ7K91,11,1.0
A34V8L66BJ7K91,21,1.0
A2179VLITZ8QHP,12,1.0
A2179VLITZ8QHP,30,2.0
A3UQM89QJ1V6M4,20,0.0
A3UQM89QJ1V6M4,31,1.0
A3UQM89QJ1V6M4,32,2.0
A24N00FSJO3DZP,10,1.0
A24N00FSJO3DZP,22,2.0
A24N00FSJO3DZP,31,2.0
A13XS8F6QHRT6H,22,2.0
A13XS8F6QHRT6H,31,2.0
A5L6EWPGSPQED,10,0.0
A5L6EWPGSPQED,11,0.0
A5L6EWPGSPQED,30,1.0
A5L6EWPGSPQED,31,0.0
A5L6EWPGSPQED,32,1.0
A3TITCJXEZJVR8,11,0.0
A3TITCJXEZJVR8,21,0.0
A1ZSL5ZLN9DLAK,22,1.0
A1ZSL5ZLN9DLAK,30,1.3333333333333333
A1ZSL5ZLN9DLAK,32,2.0
AUI3XDJ4Z5WK6,10,0.0
AUI3XDJ4Z5WK6,30,2.0
AUI3XDJ4Z5WK6,31,2.0
A2T5CROJ0FWIJY,20,0.0
A2T5CROJ0FWIJY,21,0.0
A2T5CROJ0FWIJY,30,2.0
AA0QKSSEQ0B6Q,10,0.0
AA0QKSSEQ0B6Q,11,0.0
AA0QKSSEQ0B6Q,12,0.0
AA0QKSSEQ0B6Q,30,2.0
A191C7LXF3HKCJ,12,1.0
A191C7LXF3HKCJ,21,1.0
A191C7LXF3HKCJ,31,0.5
ANVAFB99K5RKP,12,0.0
ANVAFB99K5RKP,31,2.0
ANVAFB99K5RKP,32,2.0
ABSK944CGG5N,10,0.5
ABSK944CGG5N,12,0.0
ABSK944CGG5N,31,2.0
ABSK944CGG5N,32,2.0
A1ICZRR7BO5HLU,11,0.5
A1ICZRR7BO5HLU,12,1.0
A1ICZRR7BO5HLU,22,2.0
A1OU9O4WETRJBL,11,2.0
A2BL0NJ8A8X050,20,1.0
A2BL0NJ8A8X050,31,1.5
A2BL0NJ8A8X050,32,2.0
A2KJHPO5XPM3UJ,10,1.0
A2KJHPO5XPM3UJ,30,2.0
A2KJHPO5XPM3UJ,32,2.0
A1QTQISKEHWSKZ,11,0.0
A1QTQISKEHWSKZ,21,2.0
A14J86Y1L3RCQ0,12,0.0
A14J86Y1L3RCQ0,22,0.0
A14J86Y1L3RCQ0,31,1.0
AUEQO381ITWV1,11,2.0
AUEQO381ITWV1,12,2.0
AUEQO381ITWV1,21,0.0
AUEQO381ITWV1,22,2.0
AUEQO381ITWV1,30,2.0
A3IMND1XWD1O98,12,0.0
A3IMND1XWD1O98,21,0.0
A3IMND1XWD1O98,22,1.0
A3IMND1XWD1O98,30,1.0
A3IMND1XWD1O98,31,2.0
AF9NG1PF59D1U,20,2.0
AF9NG1PF59D1U,30,2.0
A1OQ52KDFMOJGR,20,1.0
A1OQ52KDFMOJGR,21,1.0
A3VP27UUQ34OXK,11,2.0
A3VP27UUQ34OXK,12,2.0
A3VP27UUQ34OXK,20,1.0
A3VP27UUQ34OXK,32,2.0
A98XHW6B1VSSQ,12,2.0
A98XHW6B1VSSQ,31,0.0
A3HXCMU4MOPSQI,11,0.0
A3HXCMU4MOPSQI,12,0.5
A3HXCMU4MOPSQI,32,2.0
A1IM6TFN3AAMBY,11,0.0
A1IM6TFN3AAMBY,30,0.0
A1IM6TFN3AAMBY,31,1.0
A3QRDQQYN0UIGX,12,1.0
A3QRDQQYN0UIGX,31,1.0
A3QRDQQYN0UIGX,32,2.0
A2N9K0196RFNHA,11,1.0
A2N9K0196RFNHA,21,1.0
A2N9K0196RFNHA,31,2.0
A1AYWUSULABAXL,11,0.0
A1AYWUSULABAXL,30,2.0
A1AYWUSULABAXL,31,2.0
AR24CTAWN9GI0,21,2.0
AR24CTAWN9GI0,22,0.0
AR24CTAWN9GI0,30,2.0
AR24CTAWN9GI0,31,1.6666666666666667
A2SNMMSKX224GR,30,1.3333333333333333
A2SNMMSKX224GR,32,2.0
A2AO7QP5THYKQF,11,1.0
A2AO7QP5THYKQF,30,2.0
A2YCMT5BPA0AG9,11,0.0
A2YCMT5BPA0AG9,12,0.0
AAEZQL4J6CQGM,30,1.0
AAEZQL4J6CQGM,31,1.0
A3CYS14RCWT0OO,12,1.5
A3CYS14RCWT0OO,21,0.0
A3CYS14RCWT0OO,31,0.0
AKG7VBOY97HKA,10,1.5
AKG7VBOY97HKA,32,2.0
A2UWR71P2TLT9K,22,1.5
A2UWR71P2TLT9K,30,2.0
ADKKDK6P4MS1Z,11,0.0
ADKKDK6P4MS1Z,20,1.0
ADKKDK6P4MS1Z,21,2.0
ADKKDK6P4MS1Z,30,2.0
ADKKDK6P4MS1Z,32,1.0
ARFV302JOUOF,10,1.0
ARFV302JOUOF,11,1.0
ARFV302JOUOF,21,1.0
ARFV302JOUOF,30,2.0
ARFV302JOUOF,32,2.0
A33HGOYXB0DYWH,12,1.0
A33HGOYXB0DYWH,21,1.0
A33HGOYXB0DYWH,31,1.0
A115PR5C0O03UJ,10,0.0
A115PR5C0O03UJ,11,0.0
A115PR5C0O03UJ,30,1.0
A115PR5C0O03UJ,31,2.0
A115PR5C0O03UJ,32,1.0
A2OZTBCBOCHF9E,12,1.0
A2OZTBCBOCHF9E,31,2.0
A2OZTBCBOCHF9E,32,2.0
A2OG7XGWOX5ZEF,11,1.0
A2OG7XGWOX5ZEF,21,2.0
A2OG7XGWOX5ZEF,31,2.0
A1UNJWWSAB1D59,22,2.0
A1UNJWWSAB1D59,32,2.0
A1OSRB1Q63XXWZ,12,1.0
A1OSRB1Q63XXWZ,30,2.0
A1OSRB1Q63XXWZ,31,1.0
A25ROS9CH7PSFZ,10,2.0
A25ROS9CH7PSFZ,11,1.0
A25ROS9CH7PSFZ,21,2.0
A25ROS9CH7PSFZ,31,2.0
A38VMTKS30TQZB,11,0.0
A38VMTKS30TQZB,21,1.0
A38VMTKS30TQZB,31,2.0
A139RQM0HWVLC5,22,1.0
A139RQM0HWVLC5,30,1.0
A139RQM0HWVLC5,32,2.0
AYDILOZLKOAS8,11,1.0
AYDILOZLKOAS8,31,1.3333333333333333
A2YMHHRV5ZIRKM,11,2.0
A2YMHHRV5ZIRKM,12,1.0
A2YMHHRV5ZIRKM,20,0.0
A2YMHHRV5ZIRKM,31,1.0
A2YMHHRV5ZIRKM,32,2.0
A2LXPQS44US390,12,0.0
A2LXPQS44US390,21,1.5
A2LXPQS44US390,31,2.0
A1XAOEDK0Y2KBT,11,1.0
A1XAOEDK0Y2KBT,12,0.0
A1XAOEDK0Y2KBT,22,2.0
A1XAOEDK0Y2KBT,31,0.0
AMDX0UNZS4A1G,11,0.5
AMDX0UNZS4A1G,12,1.0
AMDX0UNZS4A1G,21,0.0
APYYV3B1MT2B6,10,1.0
APYYV3B1MT2B6,12,2.0
APYYV3B1MT2B6,21,0.0
APYYV3B1MT2B6,22,2.0
APYYV3B1MT2B6,32,2.0
A3VBSPUPG256EK,11,1.0
A3VBSPUPG256EK,20,1.0
A3VBSPUPG256EK,30,1.0
A3VBSPUPG256EK,32,2.0
A34B7TQWNBW2EV,12,1.5
A34B7TQWNBW2EV,31,1.0
A34B7TQWNBW2EV,32,2.0
A1BZC4P1LTSFW1,21,0.0
A1BZC4P1LTSFW1,30,1.0
A9MJVJAMLCDMV,11,0.5
A9MJVJAMLCDMV,21,0.0
A9MJVJAMLCDMV,31,0.0
A2W3QPD493MHEI,10,1.0
A2W3QPD493MHEI,11,1.0
A2W3QPD493MHEI,30,2.0
ASH55LLJVVBOZ,12,2.0
ASH55LLJVVBOZ,21,1.0
ASH55LLJVVBOZ,22,2.0
ASH55LLJVVBOZ,32,2.0
AC47RDUMYXM4P,10,1.5
AC47RDUMYXM4P,12,1.0
A1NLJ1L4VCQYV2,11,0.5
A1NLJ1L4VCQYV2,30,2.0
A1NLJ1L4VCQYV2,32,2.0
A1B5SSGMTAQ9B5,10,1.0
A1B5SSGMTAQ9B5,20,1.0
A1B5SSGMTAQ9B5,31,1.0
A1B5SSGMTAQ9B5,32,2.0
A1ING769NXJIHR,11,1.0
A1ING769NXJIHR,12,1.0
A1ING769NXJIHR,20,1.0
A1ING769NXJIHR,31,0.0
A1ING769NXJIHR,32,1.0
AAZW4HK74XMNL,11,0.0
AAZW4HK74XMNL,20,2.0
AAZW4HK74XMNL,21,1.0
AAZW4HK74XMNL,31,2.0
A18PW6Z2QDFL1M,11,0.0
A18PW6Z2QDFL1M,12,0.0
A18PW6Z2QDFL1M,20,1.0
A18PW6Z2QDFL1M,31,2.0
A2MLUZXL293Q7H,12,1.5
A2MLUZXL293Q7H,31,1.0
A2MLUZXL293Q7H,32,2.0
A1PMQY9CDRN6VJ,11,1.0
A1PMQY9CDRN6VJ,12,2.0
A217W59SA6LZSR,11,0.3333333333333333
A217W59SA6LZSR,21,1.0
A217W59SA6LZSR,30,2.0
A3DXFLNJ9BXRBS,11,1.5
A3DXFLNJ9BXRBS,31,1.0
A79MOUAP34RVB,10,2.0
A79MOUAP34RVB,21,2.0
A79MOUAP34RVB,32,2.0
A33249GFIAKI1G,12,0.0
A33249GFIAKI1G,21,0.0
A33249GFIAKI1G,31,2.0
AYYBMS4XQJ9AP,10,1.5
AYYBMS4XQJ9AP,30,2.0
A6HR4PTSCMZ4L,12,0.0
A6HR4PTSCMZ4L,21,1.0
A3OB3T7ZDKXLKE,11,0.5
A3OB3T7ZDKXLKE,30,1.0
A3OB3T7ZDKXLKE,31,1.5
A14O2NZK81OSQ3,11,0.0
A14O2NZK81OSQ3,31,0.0
A2LS0IJ90DA0UY,12,0.0
A2LS0IJ90DA0UY,21,1.0
A2LS0IJ90DA0UY,32,2.0
ATNCWXU09OPI0,11,0.0
ATNCWXU09OPI0,12,2.0
ATNCWXU09OPI0,21,2.0
ATNCWXU09OPI0,30,1.0
A1PKPMAIW8KHON,11,0.0
A1PKPMAIW8KHON,21,1.0
A1PKPMAIW8KHON,32,2.0
A2P065E9CYMYJL,11,0.0
A2P065E9CYMYJL,12,0.0
A2P065E9CYMYJL,30,1.0
A2P065E9CYMYJL,32,2.0
A150GMV1YQWWB3,11,0.0
A150GMV1YQWWB3,12,1.0
A150GMV1YQWWB3,30,2.0
A1VZSFHTU51JP0,11,0.0
A1VZSFHTU51JP0,12,0.0
A1VZSFHTU51JP0,32,2.0
AIHMZCVRHFVWC,10,1.0
AIHMZCVRHFVWC,12,2.0
AIHMZCVRHFVWC,20,1.0
A1IK1JPSPHDYOW,12,0.0
A1IK1JPSPHDYOW,21,2.0
A1IK1JPSPHDYOW,31,2.0
ARSXA2ZPDMVVL,32,2.0
A3OYUJ6E6BJS4H,11,1.0
A3OYUJ6E6BJS4H,12,2.0
A3OYUJ6E6BJS4H,21,2.0
A3OYUJ6E6BJS4H,31,2.0
A8KX1HFH8NE2Q,10,0.0
A8KX1HFH8NE2Q,11,0.0
A8KX1HFH8NE2Q,12,1.0
A8KX1HFH8NE2Q,30,1.0
A8KX1HFH8NE2Q,32,2.0
A1ZPYSX30BDIVW,11,2.0
A1ZPYSX30BDIVW,12,1.0
A1ZPYSX30BDIVW,31,1.0
A1C6U6K4KW7PYL,11,1.0
A1C6U6K4KW7PYL,20,1.0
A1C6U6K4KW7PYL,31,2.0
A1M1TSMJB12177,20,1.0
A1M1TSMJB12177,30,1.5
A1M1TSMJB12177,31,1.0
A1NITMHYG5YL3H,12,0.0
A1NITMHYG5YL3H,21,0.0
A1NITMHYG5YL3H,31,2.0
A1NITMHYG5YL3H,32,2.0
A8RAYYZKGDBQD,11,1.0
A8RAYYZKGDBQD,31,1.6666666666666667
A15K0L6NGQXOM0,10,1.0
A15K0L6NGQXOM0,21,1.0
A15K0L6NGQXOM0,22,1.0
A15K0L6NGQXOM0,30,2.0
A3U6IA3JUSFZ2M,12,0.0
A3U6IA3JUSFZ2M,20,1.0
A3U6IA3JUSFZ2M,30,2.0
A3U6IA3JUSFZ2M,31,0.5
A1AQK667NBERJ1,11,1.0
A1AQK667NBERJ1,30,1.0
A1AQK667NBERJ1,31,1.0
A1AQK667NBERJ1,32,2.0
A3NAHN61XJ3ZAT,11,0.0
A3NAHN61XJ3ZAT,30,1.0
A3NAHN61XJ3ZAT,31,1.6666666666666667
A9UCDP0W2FVAV,10,0.0
A9UCDP0W2FVAV,12,0.5
A9UCDP0W2FVAV,22,1.0
A2C36K809MJ7YQ,30,1.0
A2C36K809MJ7YQ,32,1.0
A1JRMSNROZ1JX5,10,1.0
A1JRMSNROZ1JX5,11,0.0
A1JRMSNROZ1JX5,22,1.0
A1JRMSNROZ1JX5,32,2.0
A3I1W58P6SIV26,10,0.0
A3I1W58P6SIV26,11,2.0
A3I1W58P6SIV26,12,0.0
A3I1W58P6SIV26,30,2.0
A1OK974KXKO6FJ,11,0.0
A1OK974KXKO6FJ,22,0.0
A1OK974KXKO6FJ,30,2.0
A1OK974KXKO6FJ,31,2.0
A1OK974KXKO6FJ,32,2.0
A28CFZOKLSV2JA,20,1.0
A28CFZOKLSV2JA,30,2.0
A28CFZOKLSV2JA,32,2.0
A16SR2HQIWRFD6,10,1.0
A16SR2HQIWRFD6,11,1.0
A16SR2HQIWRFD6,12,1.5
A16SR2HQIWRFD6,30,2.0
A1KAM5ZQ964VBE,10,1.0
A1KAM5ZQ964VBE,20,1.0
A1KAM5ZQ964VBE,30,1.0
A1KAM5ZQ964VBE,32,2.0
A8A18JVCPOROY,10,1.0
A8A18JVCPOROY,11,1.0
A8A18JVCPOROY,21,1.0
A8A18JVCPOROY,32,2.0
A3A2IFA1WCMOQT,10,1.0
A3A2IFA1WCMOQT,32,2.0
A3P74FP62XNVYI,10,1.0
A3P74FP62XNVYI,30,2.0
A3P74FP62XNVYI,32,2.0
A299CU7U9QX3E7,10,1.0
A299CU7U9QX3E7,30,2.0
A299CU7U9QX3E7,32,2.0
A5YVMQWA2IYPF,10,1.0
A5YVMQWA2IYPF,11,0.0
A5YVMQWA2IYPF,12,1.0
A5YVMQWA2IYPF,31,0.0
A1QNSTTYHRGJAT,10,0.0
A1QNSTTYHRGJAT,11,0.0
A1QNSTTYHRGJAT,30,2.0
A3JHXEH79DJ83L,12,0.0
A3JHXEH79DJ83L,21,2.0
A3JHXEH79DJ83L,22,2.0
A14MOF84FC52MB,11,0.0
A14MOF84FC52MB,12,1.0
A14MOF84FC52MB,22,1.0
A14MOF84FC52MB,31,1.0
A21QMMJHOSG779,11,1.0
A21QMMJHOSG779,21,1.0
A21QMMJHOSG779,22,0.0
A21QMMJHOSG779,30,2.0
A21QMMJHOSG779,31,0.0
AFLO6QJ7SDRDQ,11,0.0
A2YPWT2UKHWRN0,11,1.0
A2YPWT2UKHWRN0,32,2.0
A25CAT0W9W97Z8,30,2.0
A25CAT0W9W97Z8,31,2.0
A2F0X4LN9N4O4C,21,1.0
A2F0X4LN9N4O4C,32,2.0
ABQ65VUI4C9RK,10,0.0
ABQ65VUI4C9RK,12,1.0
ABQ65VUI4C9RK,20,2.0
ABQ65VUI4C9RK,30,2.0
A2SENAPNSXG9L,11,1.0
A2SENAPNSXG9L,12,1.0
A2SENAPNSXG9L,22,2.0
AX2CMBWBPSS8N,11,0.0
AX2CMBWBPSS8N,22,2.0
AX2CMBWBPSS8N,30,2.0
AX2CMBWBPSS8N,31,2.0
A1BNQ6H4SJZ2X5,21,0.0
A37S72JHDSZJY9,12,2.0
A37S72JHDSZJY9,21,1.0
A37S72JHDSZJY9,31,0.0
A2460MAJX0NA82,11,0.0
A2460MAJX0NA82,30,1.6666666666666667
A2460MAJX0NA82,31,2.0
A2Y043PGKEODND,10,0.0
A2Y043PGKEODND,30,1.0
A2Y043PGKEODND,32,2.0
A1YSYI926BBOHW,10,0.0
A1YSYI926BBOHW,30,2.0
A1YSYI926BBOHW,32,2.0
A3NAISGBQM3JZ9,11,1.0
A3NAISGBQM3JZ9,12,1.0
A3NAISGBQM3JZ9,31,2.0
A3NAISGBQM3JZ9,32,2.0
A1K03T7XQ5E86Q,11,0.0
A1K03T7XQ5E86Q,21,1.0
A25AJ66CYVUTBR,10,0.0
A25AJ66CYVUTBR,11,0.0
A25AJ66CYVUTBR,12,0.0
A25AJ66CYVUTBR,30,1.0
AAUL2LHAGUDOF,11,1.0
AAUL2LHAGUDOF,22,2.0
AVU1N78F92K93,11,0.0
AVU1N78F92K93,30,1.0
AVU1N78F92K93,31,2.0
A1Z048705962W6,12,1.0
A1Z048705962W6,20,1.0
A1Z048705962W6,21,1.0
A1Z048705962W6,22,2.0
A1Z048705962W6,30,2.0
A1M03U3W99BGZ4,11,0.0
A1M03U3W99BGZ4,30,1.0
A1M03U3W99BGZ4,31,2.0
A1M03U3W99BGZ4,32,1.5
A3096ZOP616ZIN,11,1.0
A3096ZOP616ZIN,12,0.0
A3096ZOP616ZIN,21,0.0
A3MJ47AD05HGC,11,1.0
A3MJ47AD05HGC,30,1.0
A3MJ47AD05HGC,31,0.0
A1GKTC682SWY23,10,1.0
A1GKTC682SWY23,11,1.0
A1GKTC682SWY23,20,1.0
A1GKTC682SWY23,30,2.0
AVFM2KLVSXDBC,10,0.0
AVFM2KLVSXDBC,20,1.0
AVFM2KLVSXDBC,22,1.0
AVFM2KLVSXDBC,30,2.0
AVFM2KLVSXDBC,32,2.0
A3393HRM9KT2FG,10,1.0
A3393HRM9KT2FG,30,2.0
A3FGT6EU39C6S4,10,1.0
A1LJ4WAEDGELVL,12,1.0
A1LJ4WAEDGELVL,31,2.0
A2WX9BYW5TI8OA,12,1.0
A2WX9BYW5TI8OA,21,0.5
A2WX9BYW5TI8OA,32,2.0
A1P3Z24Y6GRNVA,30,2.0
A387WXZGACGSO0,31,1.0
A387WXZGACGSO0,32,2.0
ABMPX2Y2IRBMG,11,0.0
ABMPX2Y2IRBMG,21,2.0
ABMPX2Y2IRBMG,30,2.0
ABMPX2Y2IRBMG,31,2.0
A2V9WQ4ZG1NUNP,11,0.0
A2V9WQ4ZG1NUNP,12,0.0
A2V9WQ4ZG1NUNP,21,0.0
A2V9WQ4ZG1NUNP,22,0.0
A2V9WQ4ZG1NUNP,30,2.0
A1S5W9N861BFLD,20,1.0
A1S5W9N861BFLD,30,1.5
A13NR1YRKAAXPB,11,0.0
A13NR1YRKAAXPB,12,2.0
A13NR1YRKAAXPB,22,0.0
A13NR1YRKAAXPB,30,2.0
A13NR1YRKAAXPB,31,2.0
AC5LU9TF9CTK9,10,1.0
AC5LU9TF9CTK9,12,2.0
AC5LU9TF9CTK9,32,1.0
A39FP1YS6NHZOL,10,2.0
A39FP1YS6NHZOL,12,1.0
A39FP1YS6NHZOL,20,2.0
A39FP1YS6NHZOL,30,2.0
A1F669OTXWIJW0,11,0.0
A1F669OTXWIJW0,12,1.0
A1P7ZED14W8QPK,31,0.0
A1P7ZED14W8QPK,32,1.3333333333333333
A1WH32GYQOHIRQ,10,1.0
A1WH32GYQOHIRQ,11,1.0
A1WH32GYQOHIRQ,12,2.0
A1WH32GYQOHIRQ,32,0.0
A28ZPY6D5AS7GZ,11,1.0
A28ZPY6D5AS7GZ,30,2.0
A28ZPY6D5AS7GZ,31,2.0
A9L9G563HS81X,11,0.0
A9L9G563HS81X,21,1.0
A9L9G563HS81X,30,2.0
A9L9G563HS81X,31,1.0
A1TLNLB9D87H6,10,2.0
A1TLNLB9D87H6,11,2.0
A1TLNLB9D87H6,22,2.0
A1TLNLB9D87H6,31,2.0
A2H1QUGX0SOUMH,10,1.0
A2CEUCPDECS6U3,12,1.0
A28L1K6D8QUCML,21,0.0
A28L1K6D8QUCML,22,1.0
A28L1K6D8QUCML,31,2.0
A28L1K6D8QUCML,32,1.0
A128USPL1FXS4A,31,0.0
A128USPL1FXS4A,32,0.0
A3AY20RTOQD3NU,10,1.0
A3AY20RTOQD3NU,11,0.0
A3AY20RTOQD3NU,30,2.0
A3AY20RTOQD3NU,31,2.0
A1KLJYA23TAOIS,10,1.0
A1KLJYA23TAOIS,11,1.0
A1KLJYA23TAOIS,30,2.0
A1KLJYA23TAOIS,31,2.0
A544VW8YTMPJP,11,0.0
A544VW8YTMPJP,30,1.0
A544VW8YTMPJP,31,0.0
A544VW8YTMPJP,32,2.0
A2H4HYDU6FFAMQ,12,0.0
A2H4HYDU6FFAMQ,31,2.0
A311MXCR6O92VW,10,0.0
A311MXCR6O92VW,11,0.0
A311MXCR6O92VW,30,2.0
A311MXCR6O92VW,32,2.0
A1O81SOPKHK5RZ,10,2.0
A1O81SOPKHK5RZ,11,0.5
A1O81SOPKHK5RZ,12,2.0
A1O81SOPKHK5RZ,30,2.0
A1APYLD4DUK33J,30,2.0
A1APYLD4DUK33J,31,2.0
A2R02DYCDLY75U,12,0.0
A2R02DYCDLY75U,30,2.0
A2R02DYCDLY75U,31,1.0
A2R02DYCDLY75U,32,2.0
AFQKLIYNCVZTL,10,0.0
AFQKLIYNCVZTL,12,0.0
AFQKLIYNCVZTL,21,0.0
AFQKLIYNCVZTL,30,1.5
A2U92EC7PR8JLR,10,1.0
A2U92EC7PR8JLR,21,1.0
A2MG1LLIKMGAMX,12,0.0
A2MG1LLIKMGAMX,21,1.0
A2MG1LLIKMGAMX,31,1.0
AD7CUW86FWEKT,11,0.0
AD7CUW86FWEKT,12,0.5
AD7CUW86FWEKT,30,2.0
AD7CUW86FWEKT,32,2.0
A391RJ8646SYY1,11,1.0
A391RJ8646SYY1,12,1.0
A355HOQUSI7GID,11,0.0
A355HOQUSI7GID,30,2.0
A355HOQUSI7GID,31,1.0
A1WA3VMWGQJPYS,10,2.0
A1WA3VMWGQJPYS,11,0.0
A1WA3VMWGQJPYS,12,0.0
A1WA3VMWGQJPYS,21,2.0
A1T6EY2JB6S5ZZ,10,0.0
A1T6EY2JB6S5ZZ,11,1.0
A1T6EY2JB6S5ZZ,12,0.0
A1T6EY2JB6S5ZZ,31,1.0
A37AJI03M37NPJ,30,1.0
A37AJI03M37NPJ,31,1.0
A37AJI03M37NPJ,32,2.0
AU6EN0UU4170H,31,2.0
A2AVFNOKFHQ2ME,10,1.0
A2AVFNOKFHQ2ME,12,0.0
A2AVFNOKFHQ2ME,22,2.0
A2AVFNOKFHQ2ME,31,2.0
AIR4UQNPIMFCJ,11,0.0
AIR4UQNPIMFCJ,31,1.0
A2DPKKEEW2I6QK,22,0.0
A2DPKKEEW2I6QK,31,1.3333333333333333
A3HAPMZV7CYDY8,20,1.0
A3HAPMZV7CYDY8,32,2.0
AT2N46TZC9DJ9,11,0.0
AT2N46TZC9DJ9,12,1.0
AT2N46TZC9DJ9,31,2.0
A20M6OQPEYYIK,12,2.0
A1EKGAXJ093V9,11,2.0
A1EKGAXJ093V9,12,1.0
A1EKGAXJ093V9,30,1.0
A1EKGAXJ093V9,31,2.0
A138BU1VWM2RKN,11,0.0
A138BU1VWM2RKN,22,2.0
A1Y0Y6U906ABT5,11,0.5
A1Y0Y6U906ABT5,30,2.0
A1Y0Y6U906ABT5,31,2.0
A1Y0Y6U906ABT5,32,2.0
A36DDHDQ56N60C,10,1.0
A36DDHDQ56N60C,21,0.0
A36DDHDQ56N60C,30,1.0
A26RO8GGTQAXGG,10,1.0
A26RO8GGTQAXGG,32,2.0
AS8BGRD5QFUTQ,10,1.0
AS8BGRD5QFUTQ,30,1.5
AS8BGRD5QFUTQ,31,2.0
A5K76AYNR5OIH,10,1.0
A5K76AYNR5OIH,11,0.5
A5K76AYNR5OIH,32,1.5
A16UAN46CNIRHY,10,1.0
A16UAN46CNIRHY,11,0.6666666666666666
A16UAN46CNIRHY,30,2.0
A2J237J8KM3OCS,22,2.0
A2J237J8KM3OCS,30,1.0
A2J237J8KM3OCS,32,0.0
ANZKTE853UXSD,11,1.0
ANZKTE853UXSD,31,2.0
A1TL6GOSY0W1YC,10,1.0
A1TL6GOSY0W1YC,22,1.0
A1TL6GOSY0W1YC,32,1.0
A1YM0IWPC72J7V,11,1.0
A1YM0IWPC72J7V,12,0.0
AFNERWJK1G1GH,10,0.5
AFNERWJK1G1GH,21,0.0
AU9JSBIVI1ZS1,10,1.0
AU9JSBIVI1ZS1,11,1.0
AU9JSBIVI1ZS1,30,2.0
A3FHSUIIAFIUI3,11,1.0
A3FHSUIIAFIUI3,12,1.0
A3FHSUIIAFIUI3,32,2.0
A1HDRB3VB48WJ8,12,1.0
A1HDRB3VB48WJ8,30,2.0
A1HDRB3VB48WJ8,31,0.5
A1HDRB3VB48WJ8,32,2.0
A3HVFSD8K94SOR,11,1.0
A3HVFSD8K94SOR,12,1.0
A3HVFSD8K94SOR,21,2.0
AOHFFIE48YQD4,11,1.0
AOHFFIE48YQD4,12,1.0
AOHFFIE48YQD4,31,2.0
A2PK6YFQT74QJ4,10,1.0
A2PK6YFQT74QJ4,11,0.5
A2PK6YFQT74QJ4,21,1.0
A2PK6YFQT74QJ4,30,2.0
AEWGY34WUIA32,10,1.0
AEWGY34WUIA32,30,1.0
AEWGY34WUIA32,31,2.0
A216MK0DNQUN4G,10,1.0
A216MK0DNQUN4G,11,1.0
A216MK0DNQUN4G,22,1.0
A216MK0DNQUN4G,30,2.0
A216MK0DNQUN4G,31,1.0
A2ZV96GRXVSXK4,12,1.0
A2ZV96GRXVSXK4,20,1.0
A2ZV96GRXVSXK4,30,2.0
A2ZV96GRXVSXK4,31,0.0
A19OCN9KO1NWNL,20,1.0
A3NS1DN6J7Z3EU,10,0.5
A3NS1DN6J7Z3EU,12,2.0
A3NS1DN6J7Z3EU,21,0.0
A18T7E73TNGOKP,20,0.0
A18T7E73TNGOKP,21,0.0
A18T7E73TNGOKP,30,1.5
A18T7E73TNGOKP,31,2.0
A3KVH7IYW9XEJX,12,0.0
A3KVH7IYW9XEJX,21,0.0
A3KVH7IYW9XEJX,31,2.0
A3KVH7IYW9XEJX,32,1.0
A312SMN11YLE66,10,0.5
A312SMN11YLE66,22,0.5
A2MX9B3EOEGOU,11,0.0
A2MX9B3EOEGOU,21,1.0
A1DL33CNIMD4FO,11,0.0
A1DL33CNIMD4FO,30,1.0
A1DL33CNIMD4FO,32,2.0
A4T1X0PO5N1G9,12,1.0
A4T1X0PO5N1G9,21,1.0
A4T1X0PO5N1G9,31,2.0
A1S6C6EN8MPKC3,10,0.0
A1S6C6EN8MPKC3,11,0.0
A1S6C6EN8MPKC3,12,0.0
A1S6C6EN8MPKC3,32,1.0
A2L9QL5S7KUL6V,31,1.0
A1DY4DM16TBFPL,11,1.0
A1DY4DM16TBFPL,22,0.0
A1DY4DM16TBFPL,30,2.0
A1DY4DM16TBFPL,31,2.0
A1DY4DM16TBFPL,32,2.0
A1GV3SF9AKA8BU,10,0.0
A1GV3SF9AKA8BU,30,2.0
AY5J43G9KD11K,11,2.0
AY5J43G9KD11K,12,1.0
AY5J43G9KD11K,31,1.0
A2C7UETA9SL9SK,21,0.0
A2C7UETA9SL9SK,31,2.0
AAMG9JAECYHQ2,10,1.0
AAMG9JAECYHQ2,12,2.0
AAMG9JAECYHQ2,22,2.0
AAMG9JAECYHQ2,30,2.0
AX79WWW8GXBAS,10,1.0
AX79WWW8GXBAS,11,1.0
AX79WWW8GXBAS,30,1.5
AX79WWW8GXBAS,32,2.0
A364KJDYEBAWC9,10,2.0
A364KJDYEBAWC9,32,2.0
A1B4227M08K866,11,1.0
A1B4227M08K866,22,1.0
A11C9D55C41PB2,20,1.0
A11C9D55C41PB2,30,1.5
A11C9D55C41PB2,31,1.0
A9K0CV70JWG1W,11,0.0
A9K0CV70JWG1W,12,0.0
A9K0CV70JWG1W,30,1.5
A4J4GGMKJ68L0,10,0.0
A4J4GGMKJ68L0,11,0.0
A4J4GGMKJ68L0,12,1.0
A4J4GGMKJ68L0,30,2.0
A3MCZ0MJJCELIJ,31,1.0
A1G187YBG0DVMQ,10,0.0
A1G187YBG0DVMQ,20,1.0
A1G187YBG0DVMQ,31,2.0
A1RATFICCKLCQ,11,0.0
A1RATFICCKLCQ,20,1.0
A1RATFICCKLCQ,21,1.0
A1RATFICCKLCQ,30,2.0
ADMTRXEG43HU0,11,0.0
ADMTRXEG43HU0,12,1.0
ADMTRXEG43HU0,21,0.0
ADMTRXEG43HU0,31,2.0
ADMTRXEG43HU0,32,2.0
A8ZUYKK47MVUQ,10,0.0
A8ZUYKK47MVUQ,11,0.0
A8ZUYKK47MVUQ,12,2.0
A8ZUYKK47MVUQ,20,1.0
A8ZUYKK47MVUQ,32,2.0
A3HNEYFOIJWPH1,22,1.0
A3HNEYFOIJWPH1,30,1.0
A3UUUI3JQIGG7O,31,1.0
A1HUUSCZ4I5SOP,10,1.0
A1HUUSCZ4I5SOP,22,2.0
A1HUUSCZ4I5SOP,30,2.0
A1HUUSCZ4I5SOP,32,2.0
A3389CKDG69V5Q,10,0.0
A3389CKDG69V5Q,12,1.0
A3389CKDG69V5Q,32,2.0
AEY0183LLRYUX,12,2.0
AEY0183LLRYUX,30,1.0
A1C0H8G0Y115MN,10,0.0
A1C0H8G0Y115MN,11,0.0
A1C0H8G0Y115MN,21,1.0
A1C0H8G0Y115MN,30,2.0
A1C0H8G0Y115MN,32,1.0
AYHXK9JTG8IV3,11,1.0
AYHXK9JTG8IV3,31,1.5
A1VCAMP3XM62R4,10,1.0
A1VCAMP3XM62R4,20,1.0
A1VCAMP3XM62R4,30,2.0
ANXJRYZDKHNDV,12,2.0
ANXJRYZDKHNDV,20,2.0
ANXJRYZDKHNDV,30,2.0
A1A7U8TF7JAMGN,10,1.0
A1A7U8TF7JAMGN,11,0.0
A1A7U8TF7JAMGN,22,1.0
A1A7U8TF7JAMGN,31,2.0
A1A7U8TF7JAMGN,32,2.0
A3H0CLC0K4XE00,11,1.0
A3H0CLC0K4XE00,21,0.0
A3H0CLC0K4XE00,31,2.0
APGX2WZ59OWDN,10,1.0
APGX2WZ59OWDN,21,1.0
APGX2WZ59OWDN,30,2.0
A20YCH1UOFGQZB,21,1.0
A20YCH1UOFGQZB,22,1.0
A20YCH1UOFGQZB,30,2.0
A1153ZIEQX0ZJ8,11,0.0
A1153ZIEQX0ZJ8,12,0.0
A1153ZIEQX0ZJ8,31,0.0
A1153ZIEQX0ZJ8,32,2.0
A1RDRK3QTM7U96,10,0.5
A1RDRK3QTM7U96,32,2.0
A3JI3B5GTVA95F,10,1.0
A3OEQPP51YIIMQ,31,1.0
A3OEQPP51YIIMQ,32,0.0
A3DHJDGGSPEI0O,11,1.0
A3DHJDGGSPEI0O,22,1.0
A3DHJDGGSPEI0O,30,2.0
A3DHJDGGSPEI0O,32,2.0
A25ZFH3PBOTIIW,31,2.0
A320QA9HJFUOZO,11,0.0
A320QA9HJFUOZO,12,1.0
A320QA9HJFUOZO,21,0.0
A320QA9HJFUOZO,32,2.0
A22HX7JGLXHJQG,11,1.0
A22HX7JGLXHJQG,20,1.0
A22HX7JGLXHJQG,21,0.0
A22HX7JGLXHJQG,30,1.0
A3CF8ULBSE8MTL,10,0.0
A3CF8ULBSE8MTL,11,1.0
A3CF8ULBSE8MTL,30,0.5
A3TBA7X9EF16W6,30,1.0
A2O4D0WJS54KCO,10,0.0
A2O4D0WJS54KCO,21,0.0
A2O4D0WJS54KCO,22,2.0
A2SKPF8W2LCJ0X,11,1.0
A2SKPF8W2LCJ0X,12,1.0
A2SKPF8W2LCJ0X,21,1.0
A2SKPF8W2LCJ0X,31,0.0
A2HYPKCDQH8Y83,30,2.0
A2HYPKCDQH8Y83,31,1.3333333333333333
A2HYPKCDQH8Y83,32,2.0
A1JUAIMXSCKG5U,10,0.0
A1JUAIMXSCKG5U,22,2.0
A1JUAIMXSCKG5U,30,1.5
A12QZLZILNDI4P,30,1.6666666666666667
A12QZLZILNDI4P,32,2.0
A2A8HRBDYBV6XJ,30,2.0
A2MBB133SZN59T,11,1.0
A2MBB133SZN59T,30,2.0
AS6FM754MF2B2,12,0.0
AS6FM754MF2B2,21,0.0
AS6FM754MF2B2,22,1.0
AS6FM754MF2B2,32,1.0
A2P76QVLSGJR45,10,2.0
A2P76QVLSGJR45,11,2.0
A2P76QVLSGJR45,30,1.0
A2P76QVLSGJR45,32,2.0
AUAN582MLI96N,10,1.0
AUAN582MLI96N,30,1.0
AUAN582MLI96N,32,2.0
AMS2DNBF8BGUM,12,1.0
AMS2DNBF8BGUM,31,2.0
AMS2DNBF8BGUM,32,2.0
AFDOCG0RZGSXU,12,1.0
AFDOCG0RZGSXU,30,0.0
A9I6LVY4CKEN0,10,0.5
A9I6LVY4CKEN0,22,1.0
A9I6LVY4CKEN0,30,2.0
A9I6LVY4CKEN0,32,2.0
A2LT2201O6A4QS,12,0.0
A2LT2201O6A4QS,21,0.0
A2NI99CLB8OQ1X,12,0.5
A2NI99CLB8OQ1X,21,0.5
AFZ1ZGPJ5SR3L,30,1.0
AFZ1ZGPJ5SR3L,31,0.0
AFZ1ZGPJ5SR3L,32,0.0
AE1EFV0F152YV,30,2.0
AE1EFV0F152YV,31,1.0
A1W9AZXUUXAXB1,12,1.0
A1W9AZXUUXAXB1,31,1.5
A27GZN1JOOIAUW,30,0.5
A27GZN1JOOIAUW,31,1.0
A248TO3PTV0K5P,12,0.0
A248TO3PTV0K5P,21,0.0
A248TO3PTV0K5P,31,1.0
A248TO3PTV0K5P,32,2.0
A2VL4NTRZCSXK,10,2.0
A2VL4NTRZCSXK,11,0.0
A2VL4NTRZCSXK,12,1.0
A2VL4NTRZCSXK,32,2.0
A20NITCOBY4775,10,1.0
A20NITCOBY4775,11,0.0
A20NITCOBY4775,30,2.0
A7204W9E8IR1R,10,1.0
A7204W9E8IR1R,12,0.0
A7204W9E8IR1R,20,1.0
A7204W9E8IR1R,31,2.0
A251CVGBR9ARUW,30,2.0
A251CVGBR9ARUW,31,0.3333333333333333
A251CVGBR9ARUW,32,0.0
A3B7TNVOISSZ2O,12,1.0
A3B7TNVOISSZ2O,21,0.5
A3B7TNVOISSZ2O,31,1.5
AAJEPFSQNC6X,12,0.0
AAJEPFSQNC6X,31,1.0
AAJEPFSQNC6X,32,2.0
A2AQBLOIEWAYJD,11,1.0
A2AQBLOIEWAYJD,31,2.0
A2C39KTRMOM1XZ,10,0.0
A2C39KTRMOM1XZ,11,0.0
A2C39KTRMOM1XZ,12,0.0
A2C39KTRMOM1XZ,20,0.0
A2C39KTRMOM1XZ,21,0.0
AXZOTBEGBF5DV,21,1.5
AXZOTBEGBF5DV,30,1.3333333333333333
AIWM0NH249ES7,11,1.0
AIWM0NH249ES7,31,2.0
A2PTZ1255EJ0LV,10,0.0
A2PTZ1255EJ0LV,11,0.0
A2PTZ1255EJ0LV,30,1.5
A2PTZ1255EJ0LV,31,1.0
A26L91YL0GDGD8,10,0.0
A26L91YL0GDGD8,12,0.0
A26L91YL0GDGD8,20,1.0
A26L91YL0GDGD8,22,2.0
A3V1ZYXBJYCIIE,11,1.0
A3V1ZYXBJYCIIE,12,2.0
A3V1ZYXBJYCIIE,32,2.0
A30AA5KIB6ENE6,11,2.0
A30AA5KIB6ENE6,12,1.5
A30AA5KIB6ENE6,21,0.0
A1ZK5NE3OFED6F,10,2.0
A1ZK5NE3OFED6F,11,1.0
A1ZK5NE3OFED6F,12,2.0
A1ZK5NE3OFED6F,22,2.0
A2BM4OQ4QLFF8I,11,0.0
A2BM4OQ4QLFF8I,21,1.0
A2BM4OQ4QLFF8I,31,1.0
rlopezf,10,0.0
AAOAROZEED5JU,10,1.0
AAOAROZEED5JU,21,2.0
AAOAROZEED5JU,31,0.0
A2JUHWRYPJJNUG,10,1.0
A2JUHWRYPJJNUG,11,2.0
A2JUHWRYPJJNUG,12,0.0
A2JUHWRYPJJNUG,30,2.0
