A2V8WP19CYR0H3,200,2.0
A2YG8SJW6YRQAT,100,1.0
A2YG8SJW6YRQAT,202,2.0
A2YG8SJW6YRQAT,211,2.0
A2YG8SJW6YRQAT,212,2.0
A34L4JED8UAIXC,200,0.0
A34L4JED8UAIXC,203,2.0
A34L4JED8UAIXC,212,2.0
A14V0QYZOJJATJ,101,1.0
A14V0QYZOJJATJ,200,2.0
A14V0QYZOJJATJ,203,2.0
A2N3XDC5IMA314,101,1.0
A2N3XDC5IMA314,203,2.0
AZACNY1H74YWS,212,2.0
A28JIPBK8BEKHS,100,1.0
A28JIPBK8BEKHS,101,1.0
A34SUZWGLXIWM8,100,1.0
A34SUZWGLXIWM8,101,1.0
A34SUZWGLXIWM8,200,0.0
A34SUZWGLXIWM8,211,2.0
A35BY30TC8WCL4,202,0.0
A2P28MB7IEM5VB,100,1.0
A2P28MB7IEM5VB,202,1.0
A2P28MB7IEM5VB,211,2.0
A3W6T1WDYXMR3,101,1.0
A3W6T1WDYXMR3,203,0.5
AV3GP5YAMSMSL,100,1.0
AV3GP5YAMSMSL,101,1.0
AV3GP5YAMSMSL,202,1.0
AV3GP5YAMSMSL,211,0.0
AMSWIR4J9XEIJ,101,1.0
AMSWIR4J9XEIJ,200,2.0
AMSWIR4J9XEIJ,203,2.0
AMSWIR4J9XEIJ,212,2.0
A11S8IAAVDXCUS,100,0.5
A11S8IAAVDXCUS,203,1.0
A36NXCGATFXEV1,203,1.0
A36NXCGATFXEV1,222,0.0
A3D5VAUXFDBM3Z,101,2.0
A3D5VAUXFDBM3Z,200,2.0
A3D5VAUXFDBM3Z,202,2.0
A3D5VAUXFDBM3Z,212,1.5
ACRIAJH3VFZR,100,1.0
ACRIAJH3VFZR,202,2.0
A330JJZGJL7IG2,100,0.5
A330JJZGJL7IG2,101,0.0
A330JJZGJL7IG2,200,2.0
A3N8MC9JZWS4WX,200,1.0
A3N8MC9JZWS4WX,202,2.0
A3N8MC9JZWS4WX,203,1.5
A22EBS1RWGEDGF,200,2.0
A22EBS1RWGEDGF,202,2.0
A22EBS1RWGEDGF,203,2.0
A22EBS1RWGEDGF,212,2.0
A22EBS1RWGEDGF,222,2.0
ASTDBTVY3WP1K,100,2.0
ASTDBTVY3WP1K,203,2.0
AHJGJ2J15SEHY,203,1.0
A249TNDSY03Z7Y,100,1.0
A249TNDSY03Z7Y,202,1.0
A249TNDSY03Z7Y,203,1.0
A249TNDSY03Z7Y,211,2.0
A2FBXVIBVLPPI4,203,0.75
A2FBXVIBVLPPI4,212,0.0
A4TF7BTV9SM06,100,1.0
A4TF7BTV9SM06,101,0.0
A4TF7BTV9SM06,200,0.0
A4TF7BTV9SM06,203,0.0
A1POZ8CU7KPXN1,101,1.0
A1POZ8CU7KPXN1,202,2.0
A1POZ8CU7KPXN1,203,2.0
A1POZ8CU7KPXN1,212,2.0
A2C7VUFGB8WGCG,100,1.0
A2C7VUFGB8WGCG,202,2.0
A2C7VUFGB8WGCG,203,2.0
A2LV5432PV1S39,100,0.0
A2LV5432PV1S39,101,1.0
A2LV5432PV1S39,203,0.0
A2LV5432PV1S39,211,2.0
A2YGAEODJ5SSF6,100,0.0
A2YGAEODJ5SSF6,101,0.0
A2YGAEODJ5SSF6,200,0.0
A2YGAEODJ5SSF6,203,1.5
A1TK0ZMZ571GG0,100,1.5
A1TK0ZMZ571GG0,203,2.0
A1TK0ZMZ571GG0,211,0.0
A27LGC4MU1R7PQ,101,1.0
A27LGC4MU1R7PQ,203,1.0
A27LGC4MU1R7PQ,212,2.0
A2OFN0A5CPLH57,100,1.0
A2OFN0A5CPLH57,203,1.5
A2J5N770I859WE,100,1.0
A2J5N770I859WE,101,1.0
A2J5N770I859WE,200,2.0
A2MCRVU8I9VNHG,100,1.0
A2MCRVU8I9VNHG,200,2.0
A2MCRVU8I9VNHG,202,2.0
A2MCRVU8I9VNHG,203,2.0
A2R0YYUAWNT7UD,101,0.5
A2R0YYUAWNT7UD,211,1.0
A2FV7KXQ96EO9O,101,1.0
A2FV7KXQ96EO9O,200,2.0
A2FV7KXQ96EO9O,203,1.5
A2FV7KXQ96EO9O,212,1.0
A2TT6FAIWFD25N,101,2.0
A2TT6FAIWFD25N,200,0.0
AVVXFDH5UUYLT,200,2.0
AVVXFDH5UUYLT,202,2.0
AVVXFDH5UUYLT,203,0.5
AOO39X8E3OJYY,100,1.0
AOO39X8E3OJYY,101,1.0
AOO39X8E3OJYY,202,1.0
AOO39X8E3OJYY,203,1.0
AOO39X8E3OJYY,212,1.0
A113VF9XGFZPR7,100,1.0
A113VF9XGFZPR7,200,0.0
A113VF9XGFZPR7,211,1.0
A10H1H4FU0S098,202,1.0
A10H1H4FU0S098,203,0.0
A10H1H4FU0S098,212,2.0
A23H9Y6D4J1HFA,203,1.0
A1Q7VWUBIJOK17,101,1.0
A1Q7VWUBIJOK17,211,0.0
A1Q7VWUBIJOK17,222,2.0
A20Z93OKJOUZES,200,2.0
A20Z93OKJOUZES,202,2.0
A20Z93OKJOUZES,203,2.0
A20Z93OKJOUZES,212,2.0
A3J6DBTEFYQCCQ,101,0.0
A3J6DBTEFYQCCQ,203,2.0
A3J6DBTEFYQCCQ,211,0.0
A2SWQM5X54P1O5,202,2.0
APLBF6JY2C1QZ,100,0.5
APLBF6JY2C1QZ,202,1.0
APLBF6JY2C1QZ,203,2.0
AHRQAISLH4OE1,202,2.0
AHRQAISLH4OE1,222,0.0
ALVYWY7B2VF9Y,100,0.5
ALVYWY7B2VF9Y,203,1.0
A3GTLCTTVIMPOL,101,1.0
A3GTLCTTVIMPOL,200,2.0
A3GTLCTTVIMPOL,212,2.0
A1TTA3N401CZTS,101,1.0
A1TTA3N401CZTS,202,1.0
A1TTA3N401CZTS,211,1.0
A19KF02ULCISTQ,100,0.0
A19KF02ULCISTQ,101,0.5
A1GQZQ9TT8RZJZ,100,0.0
A1GQZQ9TT8RZJZ,101,1.0
A1GQZQ9TT8RZJZ,203,0.0
A1GQZQ9TT8RZJZ,222,2.0
A27Y8K3JEAFZIB,200,2.0
A27Y8K3JEAFZIB,202,2.0
A27Y8K3JEAFZIB,211,2.0
A27Y8K3JEAFZIB,212,2.0
AFN5VMMGYPF1I,100,0.0
AFN5VMMGYPF1I,200,0.0
AFN5VMMGYPF1I,202,2.0
AFN5VMMGYPF1I,203,2.0
AFN5VMMGYPF1I,211,1.0
A1N4AZ1QXPOPXH,100,1.0
A1N4AZ1QXPOPXH,101,1.0
A1N4AZ1QXPOPXH,200,1.0
A1N4AZ1QXPOPXH,202,2.0
A1N4AZ1QXPOPXH,211,2.0
A13STUE0VL42FA,200,1.5
A13STUE0VL42FA,202,1.0
A13STUE0VL42FA,203,0.0
AW20BA38TBP8O,200,1.0
AW20BA38TBP8O,203,2.0
APHNYDGTCRN3O,100,0.0
APHNYDGTCRN3O,200,2.0
APHNYDGTCRN3O,202,0.0
APHNYDGTCRN3O,203,1.0
APHNYDGTCRN3O,212,2.0
A109CH3492UU42,203,2.0
A109CH3492UU42,212,2.0
A157M7ERFNYO04,100,1.0
A157M7ERFNYO04,101,1.0
A157M7ERFNYO04,203,1.0
A3V5IIPZ95YVKH,100,2.0
A3V5IIPZ95YVKH,200,1.0
AE7OCYR712K7X,203,1.0
A17HVHGFQW5373,203,0.0
A17HVHGFQW5373,222,1.0
AJW3SRVZK05YB,100,1.0
AJW3SRVZK05YB,203,1.0
A12J4IRF5Z06BT,101,0.0
A12J4IRF5Z06BT,203,1.0
A12J4IRF5Z06BT,212,2.0
A39E9936894TJR,100,0.0
A39E9936894TJR,101,1.0
A39E9936894TJR,203,0.0
A2DIINP8HJJ2BW,100,0.5
A2DIINP8HJJ2BW,101,1.0
A2DIINP8HJJ2BW,200,1.0
A3QDV6539I2V8R,101,1.0
A3QDV6539I2V8R,202,1.0
A3QDV6539I2V8R,222,2.0
A4H1NYJVE7C53,100,0.0
A4H1NYJVE7C53,200,0.0
AYXIDCIGUA037,100,1.0
AYXIDCIGUA037,203,2.0
AYXIDCIGUA037,212,2.0
A1T2F28RSW49J,200,2.0
A1T2F28RSW49J,211,2.0
A1BWR5RBQDZQ16,202,0.0
A1BWR5RBQDZQ16,203,1.0
ATADQXPHL10Y8,203,1.0
A1UY2W2FL9CWN,100,1.0
A1UY2W2FL9CWN,202,2.0
A1UY2W2FL9CWN,211,2.0
A2Y7BO0CROURI4,203,1.25
A2Y7BO0CROURI4,212,2.0
A2KPT0PEUEXCC4,101,1.0
A2KPT0PEUEXCC4,211,1.5
A2KPT0PEUEXCC4,212,0.0
A3BCBEB9IFKK3N,101,1.0
A3BCBEB9IFKK3N,200,0.0
A3BCBEB9IFKK3N,202,2.0
A1BNR1ZAF1QGWG,100,0.6666666666666666
A1BNR1ZAF1QGWG,200,0.0
A2541C8MY0BYV3,200,0.0
A2541C8MY0BYV3,203,1.0
A2541C8MY0BYV3,211,2.0
A2541C8MY0BYV3,212,2.0
A13T61GJTR2Y9B,101,1.0
A13T61GJTR2Y9B,200,1.0
A13T61GJTR2Y9B,202,1.0
A13T61GJTR2Y9B,203,2.0
A1TGSYR7H0PKEI,100,0.0
A1TGSYR7H0PKEI,200,1.0
A1TGSYR7H0PKEI,203,0.0
A1TGSYR7H0PKEI,212,2.0
A3G7GSX2R7723Z,200,2.0
A3G7GSX2R7723Z,202,2.0
A3G7GSX2R7723Z,203,1.0
A3G7GSX2R7723Z,212,1.0
A29XL6EF65TG9T,100,1.0
A29XL6EF65TG9T,101,1.0
A29XL6EF65TG9T,202,1.0
A29XL6EF65TG9T,203,2.0
A29XL6EF65TG9T,212,2.0
A37C9M7J88EWEB,100,1.0
A37C9M7J88EWEB,202,1.0
A37C9M7J88EWEB,203,1.0
A1RTLF0OVZI4QT,100,2.0
A1RTLF0OVZI4QT,101,1.0
A1RTLF0OVZI4QT,212,2.0
A1RTLF0OVZI4QT,222,2.0
A3J5KZUQO0EN8N,101,0.0
A3J5KZUQO0EN8N,200,0.0
A3J5KZUQO0EN8N,211,1.0
A3J5KZUQO0EN8N,212,0.0
A1JV64BL3WCK0G,200,2.0
A1JV64BL3WCK0G,202,2.0
A1JV64BL3WCK0G,203,2.0
A2PXJTMWGUE5DC,200,2.0
A2PXJTMWGUE5DC,202,2.0
A2PXJTMWGUE5DC,212,2.0
A2SMAZGQOV2IAU,202,1.0
A2SMAZGQOV2IAU,203,2.0
A3KQFHKX2NNN9M,200,1.0
A3KQFHKX2NNN9M,203,2.0
A3KQFHKX2NNN9M,211,0.0
A2NFKOH8HAAL1P,100,1.0
A2NFKOH8HAAL1P,200,2.0
A2NFKOH8HAAL1P,202,2.0
A2NFKOH8HAAL1P,203,2.0
A2NFKOH8HAAL1P,212,2.0
A2749DC85C9H0F,100,1.0
A2749DC85C9H0F,202,2.0
A2749DC85C9H0F,203,2.0
A248ARSA6FS20S,100,1.0
A248ARSA6FS20S,101,1.0
A248ARSA6FS20S,203,2.0
A2BO8M77CS3SGZ,101,1.0
AHPOOKYE7V04D,100,2.0
AHPOOKYE7V04D,101,1.5
A2V5UKCCCR53C5,100,1.0
A2V5UKCCCR53C5,101,1.0
A2V5UKCCCR53C5,200,1.0
A2F79GFUWU5O96,202,2.0
A2F79GFUWU5O96,203,2.0
A1ZVJG95R02F3N,100,1.0
A1ZVJG95R02F3N,200,1.0
A1ZVJG95R02F3N,202,2.0
A1ZVJG95R02F3N,203,1.5
A12FCLCVIM2CL3,100,0.0
A12FCLCVIM2CL3,203,2.0
A12FCLCVIM2CL3,211,1.5
A12FCLCVIM2CL3,212,1.0
AYCHPTQRYDT7G,101,1.0
AYCHPTQRYDT7G,203,1.0
AYCHPTQRYDT7G,211,2.0
AYCHPTQRYDT7G,212,2.0
A3BHRFFG75X3GO,100,1.0
AAXYYH9MI3PJM,202,2.0
AAXYYH9MI3PJM,203,1.3333333333333333
A2KBZ75HMJ7KVX,200,2.0
A2KBZ75HMJ7KVX,202,1.0
A2KBZ75HMJ7KVX,203,1.0
A2KBZ75HMJ7KVX,212,2.0
AGBDM85RLYTGL,101,1.0
AGBDM85RLYTGL,203,1.0
AGBDM85RLYTGL,211,2.0
A2K9HSMVUUZJSI,101,1.5
A2K9HSMVUUZJSI,200,2.0
A2K9HSMVUUZJSI,212,1.0
A2AWBDW9V1E9KT,101,1.0
A2AWBDW9V1E9KT,202,2.0
A2AWBDW9V1E9KT,203,2.0
A2AWBDW9V1E9KT,222,2.0
A273GB71FE8RIV,200,2.0
A273GB71FE8RIV,202,1.0
A273GB71FE8RIV,203,0.5
ANBIWXLNKFCQQ,101,1.0
ANBIWXLNKFCQQ,202,0.5
ANBIWXLNKFCQQ,212,1.0
A1E5PWE8O010XK,200,1.0
A1E5PWE8O010XK,203,1.0
A1E5PWE8O010XK,211,1.0
A1B7QPPS5Q43EX,200,2.0
A1B7QPPS5Q43EX,203,1.5
A1B7QPPS5Q43EX,222,2.0
A2BK45LZGGWPLX,101,1.0
A2BK45LZGGWPLX,202,2.0
A35BQPABKN4Q8C,100,0.0
A35BQPABKN4Q8C,101,0.0
A35BQPABKN4Q8C,200,2.0
A35BQPABKN4Q8C,212,2.0
A3GEHH49HNJM57,200,2.0
A3GEHH49HNJM57,202,0.0
A3GEHH49HNJM57,203,2.0
A3GEHH49HNJM57,212,1.5
A28ZWKKX9NF1O9,100,0.0
A28ZWKKX9NF1O9,200,0.0
A28ZWKKX9NF1O9,212,2.0
AO7FM98CP90CL,200,2.0
AO7FM98CP90CL,202,1.0
AO7FM98CP90CL,203,0.0
AO7FM98CP90CL,212,2.0
ATCTXYKA2Y1CD,101,2.0
AKC6351TW2FA4,101,1.0
AKC6351TW2FA4,200,0.6666666666666666
AKC6351TW2FA4,203,1.0
ASROVV61167I6,100,0.0
ASROVV61167I6,203,1.0
AC4LBMA5QJJ1I,100,0.0
AC4LBMA5QJJ1I,212,1.0
AC4LBMA5QJJ1I,222,2.0
A13TFZTDF48KI2,101,1.0
A13TFZTDF48KI2,200,1.0
A2ZDK0Y5466BXN,202,1.0
A2ZDK0Y5466BXN,203,2.0
A2ZDK0Y5466BXN,212,1.5
A2CJY4787IR70K,100,1.0
A2CJY4787IR70K,203,2.0
AG4LR5A7TCRH9,200,2.0
AG4LR5A7TCRH9,202,2.0
AG4LR5A7TCRH9,203,2.0
AG4LR5A7TCRH9,212,2.0
A1CGWJOF9NSH0T,101,1.0
A1CGWJOF9NSH0T,202,0.0
A364RJUWQ77TDQ,200,0.0
A364RJUWQ77TDQ,203,2.0
A364RJUWQ77TDQ,211,1.0
A2KTFRPDBM635X,100,0.0
A2KTFRPDBM635X,200,0.5
A2KTFRPDBM635X,202,1.0
A2KTFRPDBM635X,212,2.0
A3J9EHZQ9PERAX,100,1.0
A3J9EHZQ9PERAX,203,1.0
A3J9EHZQ9PERAX,212,2.0
A28PS7TGEQCFT4,100,1.0
A28PS7TGEQCFT4,202,0.0
A28PS7TGEQCFT4,203,0.0
A1FR0MUY43CT9Y,100,0.0
A1FR0MUY43CT9Y,101,2.0
A274NFT93QPBGL,203,1.0
AR22D9E55HQBF,101,1.0
AR22D9E55HQBF,202,2.0
AR22D9E55HQBF,203,2.0
A1QUNP6IYOQMZ5,200,0.0
A1QUNP6IYOQMZ5,203,2.0
A1QUNP6IYOQMZ5,211,1.0
A1QUNP6IYOQMZ5,212,2.0
A1QUNP6IYOQMZ5,222,1.0
AHDBHMH3AY1V2,101,1.0
AHDBHMH3AY1V2,202,1.0
AHDBHMH3AY1V2,211,2.0
A1Y9RGK1U3WWJK,200,1.0
A1Y9RGK1U3WWJK,202,2.0
A1Y9RGK1U3WWJK,203,2.0
A1Y9RGK1U3WWJK,211,1.0
A3NM5SP9NZ9BOJ,200,2.0
A3NM5SP9NZ9BOJ,202,2.0
A3NM5SP9NZ9BOJ,203,2.0
A3NM5SP9NZ9BOJ,222,2.0
A3EPDU2O2JMR50,100,1.0
A3EPDU2O2JMR50,200,2.0
A3EPDU2O2JMR50,203,2.0
ATDMF76NIJBTW,100,1.0
ATDMF76NIJBTW,202,0.0
ATDMF76NIJBTW,203,0.5
ATDMF76NIJBTW,222,2.0
A2YO837C0O1E91,100,2.0
A2YO837C0O1E91,200,2.0
A2YO837C0O1E91,203,2.0
A1XMFODRPFWKJ7,100,1.0
A1XMFODRPFWKJ7,200,2.0
A1XMFODRPFWKJ7,202,2.0
A1XMFODRPFWKJ7,203,1.0
A2Q0KK9YL1O7B6,101,1.0
A2Q0KK9YL1O7B6,200,2.0
A2Q0KK9YL1O7B6,203,2.0
A2BNWPI0NDI7K7,100,1.0
A2BNWPI0NDI7K7,203,1.0
A2BNWPI0NDI7K7,212,2.0
A31Y2UA2LPDSWZ,200,1.0
A31Y2UA2LPDSWZ,203,0.0
A31Y2UA2LPDSWZ,211,2.0
A1ZPF2GZ6PHBDA,200,0.0
A1ZPF2GZ6PHBDA,202,0.5
A1ZPF2GZ6PHBDA,211,0.0
A1ZPF2GZ6PHBDA,222,2.0
AJ2YZ04L81F1A,100,0.0
AJ2YZ04L81F1A,101,0.5
AJ2YZ04L81F1A,200,0.0
A2SPN13958U7NJ,200,2.0
A2SPN13958U7NJ,203,2.0
A2SPN13958U7NJ,212,2.0
A35XHML3ZG2HFA,100,1.0
A35XHML3ZG2HFA,203,1.0
A15RNM75ICEC05,200,1.0
A15RNM75ICEC05,202,2.0
A15RNM75ICEC05,211,1.0
A15RNM75ICEC05,212,2.0
A2IXBTOWQRCLPZ,200,2.0
A2IXBTOWQRCLPZ,202,2.0
A2IXBTOWQRCLPZ,203,2.0
A2IXBTOWQRCLPZ,222,2.0
A150MDVC0C92OT,200,2.0
A150MDVC0C92OT,202,2.0
A150MDVC0C92OT,212,1.0
A2KPTJMOIYHG69,100,1.5
A2KPTJMOIYHG69,202,2.0
A1WG3KVS2YR4G0,100,1.0
A1WG3KVS2YR4G0,200,2.0
A1WG3KVS2YR4G0,202,2.0
A21GYIDUNZ4BHE,100,0.0
A21GYIDUNZ4BHE,202,1.0
A21GYIDUNZ4BHE,203,2.0
A21GYIDUNZ4BHE,212,2.0
A1HKXCQXXGQFA,212,2.0
A27HVVLSZZ13XK,200,0.0
A27HVVLSZZ13XK,203,1.0
A27HVVLSZZ13XK,212,1.0
A1IZ4NX41GKU4X,200,1.0
A1IZ4NX41GKU4X,203,2.0
A1IZ4NX41GKU4X,212,0.0
AFJA6W2RWNQCZ,100,1.0
AFJA6W2RWNQCZ,200,1.0
AFJA6W2RWNQCZ,203,1.0
A2TCIHHKLL8LQC,101,1.0
A2TCIHHKLL8LQC,203,2.0
A2TCIHHKLL8LQC,211,2.0
A2OJMQGSQBEKEQ,100,1.0
A2OJMQGSQBEKEQ,203,1.0
A2OJMQGSQBEKEQ,211,1.0
A19TL7AJ0FB1JG,101,1.0
A19TL7AJ0FB1JG,203,1.0
A26T3M57NK46L5,101,1.0
A26T3M57NK46L5,211,1.0
A26T3M57NK46L5,212,0.5
ACOKFBC75D5OR,200,2.0
ACOKFBC75D5OR,202,2.0
ACOKFBC75D5OR,203,1.0
ACOKFBC75D5OR,212,2.0
AS45CWQF2YFIQ,100,1.5
AS45CWQF2YFIQ,101,1.0
AS45CWQF2YFIQ,200,2.0
A2ZSDMCQ5P0BJJ,100,0.0
A2ZSDMCQ5P0BJJ,202,1.5
A2ZSDMCQ5P0BJJ,203,1.0
A2ZSDMCQ5P0BJJ,222,2.0
A2O543PJ8110HB,101,0.0
A2O543PJ8110HB,200,0.0
A2O543PJ8110HB,211,2.0
A3J01A18AJBGKX,101,1.0
A3J01A18AJBGKX,222,2.0
A1PI3EYSKGK1L6,202,1.0
A1PI3EYSKGK1L6,203,1.0
A1TEQTP52NS7D1,100,0.0
A1TEQTP52NS7D1,101,1.0
A1TEQTP52NS7D1,203,1.0
A1TEQTP52NS7D1,211,1.0
A3TF0TA67EBKBE,200,1.0
A3TF0TA67EBKBE,202,1.5
A3TF0TA67EBKBE,203,2.0
A3TF0TA67EBKBE,212,2.0
a2wrot8qgfds86,100,0.0
a2wrot8qgfds86,200,2.0
a2wrot8qgfds86,203,0.0
a2wrot8qgfds86,212,2.0
A3DFMWYTKJ57L,203,2.0
A2NBQXD2V7045H,200,0.0
A21ZMR7O42OSMI,100,1.0
A21ZMR7O42OSMI,200,2.0
A21ZMR7O42OSMI,202,2.0
AYSG3J2U3UF1Y,101,1.0
AYSG3J2U3UF1Y,200,0.0
AYSG3J2U3UF1Y,202,1.0
AYSG3J2U3UF1Y,203,1.0
AYSG3J2U3UF1Y,222,2.0
A2NT3OQZUUZPEO,101,1.0
A2NT3OQZUUZPEO,200,2.0
A2NT3OQZUUZPEO,203,0.0
AMG9Y1YLBTKIV,200,2.0
AMG9Y1YLBTKIV,202,2.0
AMG9Y1YLBTKIV,212,2.0
A3BUX2X4NAIB3K,101,0.0
A3BUX2X4NAIB3K,200,1.0
A3BUX2X4NAIB3K,203,1.0
A2BWTQWFM1J2IN,100,1.0
A2BWTQWFM1J2IN,200,1.5
A2BWTQWFM1J2IN,203,2.0
A2BWTQWFM1J2IN,212,2.0
A2KYTQNLOF7W7S,100,2.0
A2KYTQNLOF7W7S,203,1.5
A2KYTQNLOF7W7S,211,1.0
AO8LXT6Z1D9MU,100,0.0
AO8LXT6Z1D9MU,200,0.0
AO8LXT6Z1D9MU,203,0.0
A1Q5KU5RVDE67,203,1.5
A1Q5KU5RVDE67,211,1.0
A34930YXVQ8SUT,100,1.0
A34930YXVQ8SUT,203,0.0
A34930YXVQ8SUT,211,1.0
A34930YXVQ8SUT,212,1.0
A1HBIE5LRTQK1L,202,2.0
A1HBIE5LRTQK1L,211,2.0
A8BW189UIEIJA,203,2.0
A1ZBCPFZH8XT7X,203,1.0
A266KTWY0HBD2F,101,0.0
A266KTWY0HBD2F,200,2.0
A266KTWY0HBD2F,222,1.0
A2ZRF4I5RTKN7G,101,2.0
A2ZRF4I5RTKN7G,202,2.0
A2ZRF4I5RTKN7G,203,2.0
A2ZRF4I5RTKN7G,212,2.0
A2ZRF4I5RTKN7G,222,2.0
A1GXFMAC759VRM,101,1.0
A1GXFMAC759VRM,200,2.0
A1GXFMAC759VRM,203,2.0
A1GXFMAC759VRM,212,2.0
A1L6PGLE7CIS12,200,2.0
A1L6PGLE7CIS12,203,2.0
A1L6PGLE7CIS12,212,2.0
A1L6PGLE7CIS12,222,2.0
A1EN3FW93BSXQQ,202,2.0
A1EN3FW93BSXQQ,203,2.0
A1EN3FW93BSXQQ,212,1.5
A10G57EYF3HK46,101,0.0
A10G57EYF3HK46,212,2.0
A1CJM3ULFBWN1E,202,0.5
A1CJM3ULFBWN1E,203,0.6666666666666666
A1UUNYHX3M8O3O,101,0.0
A1UUNYHX3M8O3O,202,0.0
A1UUNYHX3M8O3O,203,0.5
A5CMNI7B03XL,100,2.0
A5CMNI7B03XL,203,0.0
A5CMNI7B03XL,211,2.0
A5CMNI7B03XL,212,2.0
A2ESBX4C2Q6TQY,100,0.0
A2ESBX4C2Q6TQY,101,1.0
A2ESBX4C2Q6TQY,212,1.0
A1YC558J4E5KZ,100,2.0
A1YC558J4E5KZ,203,2.0
pmuruka,101,1.0
A3G9MSZVWB7W42,101,1.0
A3G9MSZVWB7W42,203,2.0
AY25KKNLTK9D3,200,1.0
AY25KKNLTK9D3,202,2.0
AY25KKNLTK9D3,203,2.0
AY25KKNLTK9D3,222,2.0
AUOYNTKOGOFOM,100,1.5
AUOYNTKOGOFOM,202,2.0
AUOYNTKOGOFOM,203,2.0
A1PLN4H19MD4PX,100,0.0
A1PLN4H19MD4PX,200,2.0
A1PLN4H19MD4PX,211,2.0
AOUZBLGN7NVT0,100,1.0
AOUZBLGN7NVT0,200,1.0
AOUZBLGN7NVT0,203,1.0
A9O273N0X06JS,200,0.0
A9O273N0X06JS,203,1.0
A9O273N0X06JS,211,2.0
A9O273N0X06JS,222,2.0
A2W1C5PDHUF25O,101,1.0
A2W1C5PDHUF25O,200,0.5
AZGOCLAHG5WK3,100,1.0
AZGOCLAHG5WK3,101,1.0
AZGOCLAHG5WK3,203,1.0
AZGOCLAHG5WK3,212,2.0
A21SF3IKIZB0VN,101,1.0
A3BL2ZEODD79AZ,200,0.0
A3BL2ZEODD79AZ,202,1.5
A3BL2ZEODD79AZ,203,1.0
A3BL2ZEODD79AZ,222,2.0
A1BWS5AD2T4NIR,202,0.0
A1BWS5AD2T4NIR,203,1.0
AXGCH3EOOB0XG,203,1.5
AIJEWX92UW722,202,2.0
AYF8B7WJO2YQU,202,2.0
AYF8B7WJO2YQU,203,1.0
AYF8B7WJO2YQU,212,2.0
A34XZV139BS4I0,202,2.0
A34XZV139BS4I0,212,2.0
A2XM6C78S9L8UG,101,1.0
A2XM6C78S9L8UG,200,1.0
A2XM6C78S9L8UG,203,1.0
A2XM6C78S9L8UG,211,2.0
A344DR7QJ4E3UI,100,1.0
A344DR7QJ4E3UI,200,2.0
A344DR7QJ4E3UI,203,2.0
A344DR7QJ4E3UI,212,2.0
A3DTBL9NV7SDQC,200,0.0
A3DTBL9NV7SDQC,203,2.0
A3DTBL9NV7SDQC,211,2.0
A3DTBL9NV7SDQC,212,2.0
A19OIKS5TWXCGS,212,1.0
A1Y2CPK3UHNSO0,203,0.5
A351P2O6QGTCS,100,1.0
A351P2O6QGTCS,101,1.5
A351P2O6QGTCS,212,1.0
AF4GCRZE8LNB7,100,1.0
AF4GCRZE8LNB7,202,2.0
AF4GCRZE8LNB7,203,1.6666666666666667
A22WWSTT8TU7G1,100,1.0
A22WWSTT8TU7G1,101,1.6666666666666667
A22WWSTT8TU7G1,200,1.0
A22WWSTT8TU7G1,203,1.0
A2XW9Z8RSTFT6S,200,1.5
A2XW9Z8RSTFT6S,203,0.6666666666666666
A2QQY4S73JO639,100,0.0
A2QQY4S73JO639,200,0.0
A2QQY4S73JO639,203,1.6666666666666667
A3MEXVF979S444,101,1.0
A3MEXVF979S444,203,1.0
A3MEXVF979S444,212,2.0
A1NP3XGUAKE96X,100,0.0
A1NP3XGUAKE96X,101,0.5
A2QY9M9JK2W3YJ,100,1.0
ALEJWTTZHO3AV,100,1.5
ALEJWTTZHO3AV,203,2.0
A3SMTP08PPXDWA,101,1.0
A3SMTP08PPXDWA,211,1.5
AB1X97ASE626Q,100,1.0
AB1X97ASE626Q,211,1.0
A177PH8HH3T5P8,202,2.0
A177PH8HH3T5P8,222,2.0
A4E1UYPDHE8D8,101,1.0
A4E1UYPDHE8D8,200,2.0
A4E1UYPDHE8D8,203,1.0
A2CH0ISUH1E40F,200,2.0
A2CH0ISUH1E40F,202,2.0
A2CH0ISUH1E40F,203,0.0
A2CH0ISUH1E40F,222,2.0
A35NZAXRVLAC0G,100,2.0
A35NZAXRVLAC0G,101,0.0
A35NZAXRVLAC0G,202,2.0
A35NZAXRVLAC0G,203,2.0
A2BNOEYZ3VRW2R,100,0.5
A2BNOEYZ3VRW2R,101,1.0
A2BNOEYZ3VRW2R,200,1.0
A190VSP1NFNBR9,101,1.0
A190VSP1NFNBR9,200,0.0
A190VSP1NFNBR9,202,1.5
AVMIXXCHPD291,100,1.0
AVMIXXCHPD291,101,1.0
AVMIXXCHPD291,200,1.0
A1P14RA5FX3HPD,203,1.6666666666666667
A1JJTQ5CX1RSS9,100,1.0
A1JJTQ5CX1RSS9,203,0.6666666666666666
AL1DIODXTDA89,100,1.0
AL1DIODXTDA89,203,2.0
AL1DIODXTDA89,212,2.0
A25BDZJ7E8I0PG,100,1.0
A25BDZJ7E8I0PG,101,0.0
A2CXYZO73WVCG2,100,1.0
AAE6DGZOC9EWQ,202,1.0
AAE6DGZOC9EWQ,203,2.0
AAE6DGZOC9EWQ,211,2.0
AJ34WB9Z37ILU,101,1.0
AJ34WB9Z37ILU,203,1.5
AJ34WB9Z37ILU,211,0.0
A3J85WP15JFYW0,101,1.0
A3J85WP15JFYW0,203,0.5
A1FYFBIFYWTMJS,101,1.0
A1FYFBIFYWTMJS,202,2.0
A1FYFBIFYWTMJS,203,2.0
A3EWR58W0SA885,101,1.0
A3EWR58W0SA885,203,1.0
A3EWR58W0SA885,211,2.0
AVR6APJRJK7EF,100,1.0
AVR6APJRJK7EF,101,0.0
AVR6APJRJK7EF,202,2.0
AVR6APJRJK7EF,203,1.0
A2O5OJXCUFQ3FV,203,1.5
A2O5OJXCUFQ3FV,222,2.0
AHJQDF8PAHVDP,101,0.5
AHJQDF8PAHVDP,203,1.0
AHJQDF8PAHVDP,212,1.0
A1CXXG7SJUHRN1,200,2.0
A2EPJ9V5DYMHR2,100,1.0
A2EPJ9V5DYMHR2,203,2.0
A2EPJ9V5DYMHR2,211,2.0
A1EB857G7CK9K9,100,1.0
A1EB857G7CK9K9,203,1.3333333333333333
A1EB857G7CK9K9,212,2.0
A2IM40OQ1JHUJ4,101,1.0
A2IM40OQ1JHUJ4,200,0.0
A2IM40OQ1JHUJ4,203,2.0
A3O2MEQCY7X6KR,202,2.0
A3O2MEQCY7X6KR,203,2.0
A1ZWFFGNM0ON,100,1.0
A1ZWFFGNM0ON,200,0.0
A1ZWFFGNM0ON,203,2.0
A1ZWFFGNM0ON,212,2.0
A3OV174HQJIJK8,200,0.0
A3OV174HQJIJK8,202,2.0
A3OV174HQJIJK8,203,2.0
A3OV174HQJIJK8,212,2.0
A3SOVC54V7Z5LQ,100,1.0
A3SOVC54V7Z5LQ,101,1.0
A3SOVC54V7Z5LQ,200,2.0
A1TMLYFTY2MEFH,203,2.0
A1TMLYFTY2MEFH,212,1.0
A1TMLYFTY2MEFH,222,2.0
A39W3PYK82IBAS,100,0.0
A39W3PYK82IBAS,101,1.0
A39W3PYK82IBAS,202,1.0
A2WUMRRE9070N8,100,1.0
A2WUMRRE9070N8,203,2.0
A2WUMRRE9070N8,212,2.0
AHDW3HGQPMHOL,101,1.0
AHDW3HGQPMHOL,200,2.0
AHDW3HGQPMHOL,202,2.0
AHDW3HGQPMHOL,203,2.0
AHDW3HGQPMHOL,222,2.0
AUVC78LEL0T6L,100,0.0
AUVC78LEL0T6L,101,1.0
AUVC78LEL0T6L,212,1.0
A14ATQ0J5B0VOX,203,0.6666666666666666
AVI7K876BV3QL,202,1.0
AVI7K876BV3QL,203,2.0
AVI7K876BV3QL,211,1.0
AJQS1T44TD8QN,100,0.0
AJQS1T44TD8QN,203,1.0
A6bixtwmyhywq,200,0.0
A3BI98I9V2FL0T,202,0.0
A3BI98I9V2FL0T,203,2.0
A3BI98I9V2FL0T,211,1.0
A3BI98I9V2FL0T,212,0.0
A19G248ZRHWWHT,101,1.0
A19G248ZRHWWHT,202,2.0
A14HWOXMI4R2ON,100,1.0
A14HWOXMI4R2ON,202,1.6666666666666667
A14HWOXMI4R2ON,211,2.0
A9FCR1QRZAM3U,101,1.0
A9FCR1QRZAM3U,200,1.0
A9FCR1QRZAM3U,202,2.0
A9FCR1QRZAM3U,203,2.0
A2FFN1AI9OT327,101,1.0
A2FFN1AI9OT327,202,2.0
A2FFN1AI9OT327,203,2.0
A2FFN1AI9OT327,212,2.0
A2FFN1AI9OT327,222,2.0
A1DP2L19BNZJ2Y,200,2.0
A1DP2L19BNZJ2Y,211,2.0
A10DEO061A6L3O,202,2.0
A10DEO061A6L3O,203,2.0
A10DEO061A6L3O,212,2.0
A13DGN8O8DP3LK,100,0.0
A13DGN8O8DP3LK,203,1.0
A13DGN8O8DP3LK,212,1.0
A2EDMO5Z64EDMW,100,1.0
A2EDMO5Z64EDMW,200,1.0
A2EDMO5Z64EDMW,202,2.0
A2TD6LB9994K72,100,0.0
A2TD6LB9994K72,101,1.0
A3GYJ7ZDKUZP7L,100,1.0
A3GYJ7ZDKUZP7L,101,0.0
A3JU7ESQF8NS56,100,1.0
A3JU7ESQF8NS56,101,1.0
A3JU7ESQF8NS56,200,0.0
A3JU7ESQF8NS56,203,2.0
A3HTLXAPOBCVVO,203,2.0
A248P03SBIGVNH,200,1.0
A248P03SBIGVNH,202,2.0
A248P03SBIGVNH,203,2.0
A37QFZ8I1TGH2C,100,1.5
A37QFZ8I1TGH2C,200,0.0
A37QFZ8I1TGH2C,202,2.0
A14NP6X071S7GK,100,0.0
A14NP6X071S7GK,212,1.0
A1A70T3F5D0A6E,200,1.0
A1A70T3F5D0A6E,202,1.5
A18I566TMVVSFQ,101,1.0
A18I566TMVVSFQ,202,1.0
A18I566TMVVSFQ,211,1.0
A18I566TMVVSFQ,212,2.0
A37LY5UTJV2KYZ,100,1.0
A37LY5UTJV2KYZ,101,1.0
A37LY5UTJV2KYZ,202,2.0
A37LY5UTJV2KYZ,203,1.0
A1E9RAXPMZ2CMG,100,1.0
A1E9RAXPMZ2CMG,101,1.0
A1E9RAXPMZ2CMG,202,1.0
A1E9RAXPMZ2CMG,203,2.0
A1E9RAXPMZ2CMG,212,2.0
A2UCKZZI9KBBCV,200,1.0
A2UCKZZI9KBBCV,202,1.0
A2UCKZZI9KBBCV,203,2.0
A2UCKZZI9KBBCV,211,1.0
A2UCKZZI9KBBCV,222,2.0
A1I20G9FII2FN5,100,0.0
A1I20G9FII2FN5,203,1.0
A2HVG934DIDSXQ,101,1.0
A2HVG934DIDSXQ,203,2.0
A1W36Q5THCHYUZ,202,1.0
A1W36Q5THCHYUZ,212,2.0
A1W36Q5THCHYUZ,222,1.3333333333333333
A3OY0POKX8NCF5,100,0.0
A3OY0POKX8NCF5,101,1.0
A3OY0POKX8NCF5,203,1.0
A3V0ECSC892EW9,100,0.0
A3V0ECSC892EW9,200,0.5
A3V0ECSC892EW9,203,1.0
A2FB7PA68MG38J,100,2.0
A2FB7PA68MG38J,203,1.0
A90JBLDKW71DX,100,0.0
A90JBLDKW71DX,202,2.0
A90JBLDKW71DX,203,1.0
A90JBLDKW71DX,212,2.0
A187TVQ98O0FN2,101,2.0
A187TVQ98O0FN2,212,1.0
A1GAE58VK66J6J,100,0.3333333333333333
A1GAE58VK66J6J,101,2.0
A1UL8XW5GSWYAA,202,1.0
A263CRI673K4QG,100,2.0
A263CRI673K4QG,202,1.0
A263CRI673K4QG,203,2.0
A263CRI673K4QG,211,1.0
A263CRI673K4QG,212,1.0
A3R25SV8HUGML2,100,1.0
A3R25SV8HUGML2,202,1.0
A3R25SV8HUGML2,203,1.0
A2P2KRN6Y2CQ5B,101,1.0
A2P2KRN6Y2CQ5B,202,2.0
A2P2KRN6Y2CQ5B,203,1.0
A2S96ZZ70YFPSK,100,1.0
A2S96ZZ70YFPSK,101,2.0
A2S96ZZ70YFPSK,200,2.0
A2S96ZZ70YFPSK,202,1.0
A2S96ZZ70YFPSK,203,1.0
A2NQOD21QCRKG0,100,1.5
A2NQOD21QCRKG0,101,2.0
A2NQOD21QCRKG0,202,2.0
A2R89DNXU10UDP,200,2.0
A2R89DNXU10UDP,202,2.0
A2R89DNXU10UDP,212,2.0
AASW4EHSSOG40,100,1.0
AASW4EHSSOG40,101,1.0
AASW4EHSSOG40,212,2.0
A3KNO82DZ519HG,100,1.0
A3KNO82DZ519HG,203,1.0
A3KNO82DZ519HG,212,2.0
A15LHHN76OW2UM,100,1.0
A15LHHN76OW2UM,200,2.0
A15LHHN76OW2UM,212,1.5
A15LHHN76OW2UM,222,2.0
AAW2LFPSQWEAQ,100,1.0
AAW2LFPSQWEAQ,203,2.0
AAW2LFPSQWEAQ,211,2.0
AAW2LFPSQWEAQ,212,1.0
AQ2INPVVXR1G0,100,1.0
AQ2INPVVXR1G0,101,1.0
AQ2INPVVXR1G0,203,2.0
AQ2INPVVXR1G0,212,2.0
A1OS4YKRBTBPTG,100,0.0
A1OS4YKRBTBPTG,101,1.0
A1OS4YKRBTBPTG,211,0.0
A2SNXA5HF2ZFE6,203,1.6666666666666667
A2SNXA5HF2ZFE6,212,2.0
A3HEFMJ50IMTY6,101,0.0
A3HEFMJ50IMTY6,203,1.0
A3HEFMJ50IMTY6,211,0.0
A1U2V3827PFUEB,100,1.0
A1U2V3827PFUEB,101,1.5
A3OSR3YW4IQRG4,100,1.0
A3OSR3YW4IQRG4,203,2.0
A3OSR3YW4IQRG4,212,2.0
A2AMSSBUJF4PY5,100,0.0
A2AMSSBUJF4PY5,211,2.0
A2AMSSBUJF4PY5,212,2.0
A2VU8AC7MY3721,100,1.5
A2VU8AC7MY3721,101,1.5
A5EU1AQJNC7F2,101,1.0
A5EU1AQJNC7F2,202,1.0
A5EU1AQJNC7F2,203,1.0
AORE3XRN12722,203,1.5
AORE3XRN12722,211,2.0
A366JCV00ETS7V,100,0.0
A366JCV00ETS7V,101,1.0
A366JCV00ETS7V,200,2.0
A366JCV00ETS7V,212,1.0
A2U2HC38IZKZFC,200,1.0
A2U2HC38IZKZFC,202,2.0
A2U2HC38IZKZFC,212,2.0
A2U2HC38IZKZFC,222,2.0
AH3ER3EJXHRO2,203,1.0
AH3ER3EJXHRO2,211,2.0
A3AE627X3R2JQI,200,2.0
A3AE627X3R2JQI,202,2.0
A3AE627X3R2JQI,203,1.5
A3AE627X3R2JQI,212,2.0
A25AMA8W5ASH00,203,1.5
A25AMA8W5ASH00,211,2.0
A25AMA8W5ASH00,212,2.0
A2UYNLN1B4JV8Y,101,2.0
A2UYNLN1B4JV8Y,203,0.0
A2UYNLN1B4JV8Y,212,2.0
AJSS6PQTQSS8D,203,2.0
A3IUEMZG39ZS3H,101,1.0
A3IUEMZG39ZS3H,200,1.0
A3IUEMZG39ZS3H,202,2.0
A3IUEMZG39ZS3H,212,2.0
AR8WU7O3D5PDK,200,0.0
A31UF8SXDRL7NK,202,2.0
A31UF8SXDRL7NK,203,2.0
A31UF8SXDRL7NK,222,2.0
AQVQHML14YYJH,100,1.0
AQVQHML14YYJH,200,2.0
AQVQHML14YYJH,202,2.0
AQVQHML14YYJH,203,2.0
A13KPX2M7NNUJE,100,0.5
A13KPX2M7NNUJE,203,2.0
A1ED7TFX4X54JJ,202,2.0
A1ED7TFX4X54JJ,203,2.0
A1ED7TFX4X54JJ,212,2.0
A1FHS282JP487T,100,0.0
A1FHS282JP487T,200,2.0
A1FHS282JP487T,203,0.0
A1FHS282JP487T,212,1.0
A36Z2J5EKOMTON,100,0.0
A36Z2J5EKOMTON,202,1.0
A36Z2J5EKOMTON,203,2.0
A2Q547IGXUG5B6,101,1.0
A2Q547IGXUG5B6,203,2.0
A2Q547IGXUG5B6,212,2.0
A27NDL20EPC8HK,100,1.0
A27NDL20EPC8HK,101,1.0
A27NDL20EPC8HK,203,2.0
A27NDL20EPC8HK,211,1.0
A3G5IPGLH1IIZN,101,1.0
A3G5IPGLH1IIZN,202,2.0
A3G5IPGLH1IIZN,203,2.0
A2XI9YL5UOO2YC,101,1.3333333333333333
A2XI9YL5UOO2YC,202,0.0
A2XI9YL5UOO2YC,203,1.0
A2UFRXUNXCHIFD,200,0.0
A2UFRXUNXCHIFD,203,1.0
A2UFRXUNXCHIFD,211,1.0
A2UFRXUNXCHIFD,212,2.0
A2Z70GL7HTFFQR,100,1.0
A2Z70GL7HTFFQR,203,2.0
A2Z70GL7HTFFQR,211,2.0
A2Z70GL7HTFFQR,212,2.0
A3O8W872FSEQ9A,203,1.0
AKO4O0L9613K5,101,0.0
AKO4O0L9613K5,202,1.0
AKO4O0L9613K5,203,0.5
AA9V4NE8SOA4I,101,1.0
AA9V4NE8SOA4I,200,1.0
AA9V4NE8SOA4I,202,2.0
AA9V4NE8SOA4I,211,2.0
A2ATNPZC1YEZ3,101,1.0
A2ATNPZC1YEZ3,200,0.0
A2ATNPZC1YEZ3,203,2.0
A2ATNPZC1YEZ3,212,2.0
A39C1BN9ZSQ0R2,100,1.0
A39C1BN9ZSQ0R2,200,2.0
A39C1BN9ZSQ0R2,203,1.0
A1CSDIX05PK9V,100,1.0
A1CSDIX05PK9V,101,2.0
AC9ESVZWAGS7C,101,1.0
AC9ESVZWAGS7C,200,2.0
AC9ESVZWAGS7C,203,1.0
AC9ESVZWAGS7C,212,1.0
A1O3ABR69LGPIE,100,1.0
A1O3ABR69LGPIE,200,2.0
A1O3ABR69LGPIE,203,2.0
A1O3ABR69LGPIE,212,2.0
A1TQ5B2S7CQ5L1,101,1.0
A1TQ5B2S7CQ5L1,200,2.0
A1TQ5B2S7CQ5L1,203,2.0
A1TQ5B2S7CQ5L1,212,2.0
A1Q4PWSHDWPH1Q,100,2.0
A1Q4PWSHDWPH1Q,101,1.0
A1Q4PWSHDWPH1Q,200,2.0
A1W656JWS8OUMX,101,1.0
A1W656JWS8OUMX,200,2.0
A1W656JWS8OUMX,202,1.3333333333333333
A1IRKCYXCJGI7T,203,2.0
A1IRKCYXCJGI7T,212,2.0
A1IRKCYXCJGI7T,222,2.0
A2WQT33K6LD9Z5,100,1.0
A2WQT33K6LD9Z5,212,2.0
A3EQVDHHKZRC0K,100,1.0
A3EQVDHHKZRC0K,101,1.0
A3EQVDHHKZRC0K,203,2.0
A3EQVDHHKZRC0K,211,2.0
A3S5508012UDW3,202,2.0
A3S5508012UDW3,203,1.0
A3S5508012UDW3,212,1.0
A2HK868AKALN4F,100,1.5
A2HK868AKALN4F,203,2.0
A2HK868AKALN4F,211,1.0
A1C4Z1I2R281UT,100,0.0
A1C4Z1I2R281UT,202,2.0
A1C4Z1I2R281UT,222,2.0
AOTCPS24JM5DQ,101,2.0
AOTCPS24JM5DQ,200,2.0
A128BUMKWWS54Z,100,1.0
A128BUMKWWS54Z,101,1.0
A128BUMKWWS54Z,203,1.0
A3FYSDFRZF4T8,101,1.0
A3FYSDFRZF4T8,211,2.0
AAHZCL4LIPCBQ,100,2.0
AAHZCL4LIPCBQ,101,0.0
AAHZCL4LIPCBQ,202,2.0
AAHZCL4LIPCBQ,203,2.0
A2DXEPC4QFV4R1,202,2.0
A2DXEPC4QFV4R1,203,2.0
A2DXEPC4QFV4R1,211,2.0
A2DXEPC4QFV4R1,212,2.0
A3E9A9O3CLMEW,202,2.0
A3E9A9O3CLMEW,203,1.6666666666666667
A3E9A9O3CLMEW,212,2.0
A3DKYNYN50FYFY,100,0.0
A3DKYNYN50FYFY,200,2.0
A3DKYNYN50FYFY,203,2.0
A3683MQHQTG64Z,100,0.0
A3683MQHQTG64Z,200,2.0
A3683MQHQTG64Z,202,0.0
A1DT85NV46PRGD,100,0.0
A1DT85NV46PRGD,101,1.0
A1DT85NV46PRGD,200,1.0
A1DT85NV46PRGD,202,2.0
A1DT85NV46PRGD,212,2.0
A108WCX8VOPEW7,200,1.0
A2270E5SCIHWV8,100,0.0
A2270E5SCIHWV8,101,1.0
A2270E5SCIHWV8,203,0.0
A2RBNMRC6942T0,200,2.0
A2RBNMRC6942T0,203,0.75
A18MC27WTCEBA2,202,1.0
A23GD9XORHIYKZ,202,2.0
A23GD9XORHIYKZ,211,1.0
A23GD9XORHIYKZ,212,2.0
A1WMAXD98LE8Z3,200,0.0
A1WMAXD98LE8Z3,202,2.0
A1WMAXD98LE8Z3,203,2.0
A610SH5RY1NG1,101,1.5
A610SH5RY1NG1,203,2.0
A17GYBCX4IFEQD,100,1.0
A17GYBCX4IFEQD,202,2.0
A17GYBCX4IFEQD,203,2.0
A1Z22XQTUPTAU9,101,1.0
A1Z22XQTUPTAU9,202,2.0
A1Z22XQTUPTAU9,211,1.0
A1Z22XQTUPTAU9,212,1.0
A2PAP6WAU1OLNH,200,0.0
A2PAP6WAU1OLNH,203,2.0
A2PAP6WAU1OLNH,211,1.0
A2PAP6WAU1OLNH,212,1.5
A36XEP5H6KBQIB,100,1.0
A36XEP5H6KBQIB,200,2.0
A36XEP5H6KBQIB,203,0.3333333333333333
AT3C00TKZK13L,101,1.0
AT3C00TKZK13L,202,1.5
AT3C00TKZK13L,203,1.0
AT3C00TKZK13L,212,1.0
A35W3CLEP5WXCQ,211,1.0
A35W3CLEP5WXCQ,212,1.0
A35W3CLEP5WXCQ,222,2.0
A3LD1G3R5NOVYH,100,2.0
A3LD1G3R5NOVYH,101,1.0
A3LD1G3R5NOVYH,202,2.0
A3LD1G3R5NOVYH,211,2.0
A1DU31H88K9ZTP,101,1.0
A1DU31H88K9ZTP,203,1.0
A1DU31H88K9ZTP,211,1.0
A1DU31H88K9ZTP,212,1.0
A1DU31H88K9ZTP,222,2.0
A3P2LT53J1GUBG,101,1.0
A3P2LT53J1GUBG,200,2.0
A3P2LT53J1GUBG,212,2.0
A3MIIUL4O2DPY7,100,1.0
A3MIIUL4O2DPY7,200,0.0
A3MIIUL4O2DPY7,222,1.0
A3KFPH9FIIG9M3,100,1.0
A3KFPH9FIIG9M3,101,1.0
A3KFPH9FIIG9M3,202,2.0
A3KFPH9FIIG9M3,211,2.0
A1EFXVFL0BX126,212,2.0
A33FB8F5WQ0RUA,200,2.0
A33FB8F5WQ0RUA,202,2.0
A33FB8F5WQ0RUA,203,0.0
A33FB8F5WQ0RUA,222,1.5
A3QSJY1FFN0N6V,100,1.0
A3QSJY1FFN0N6V,200,2.0
A3QSJY1FFN0N6V,211,2.0
AYTOJF8EUVP03,200,2.0
AYTOJF8EUVP03,202,2.0
AYTOJF8EUVP03,203,0.0
AYTOJF8EUVP03,212,1.0
AYTOJF8EUVP03,222,2.0
A1MW350A7ECNSJ,100,1.0
A1MW350A7ECNSJ,203,1.0
A1MW350A7ECNSJ,212,2.0
A151646H6NCEVU,203,0.5
A151646H6NCEVU,212,1.0
A3OLRWACCCCUTU,100,1.0
A3OLRWACCCCUTU,202,2.0
A3OLRWACCCCUTU,203,1.0
A3OLRWACCCCUTU,212,2.0
ARVXIBUCA8WDZ,202,2.0
ARVXIBUCA8WDZ,203,1.0
ARVXIBUCA8WDZ,222,2.0
A1BI3WXOR5CTHQ,100,2.0
A1BI3WXOR5CTHQ,200,1.6666666666666667
A1BI3WXOR5CTHQ,202,0.0
A2BK9RMC0NOIH8,200,2.0
A2BK9RMC0NOIH8,202,2.0
A2BK9RMC0NOIH8,203,2.0
A2BK9RMC0NOIH8,212,2.0
A3QOOITS2LIP8Z,100,1.0
A3QOOITS2LIP8Z,200,2.0
A3QOOITS2LIP8Z,222,2.0
A3F55JJCVTTCCW,100,0.0
A3F55JJCVTTCCW,211,0.0
A14IECP4XFVEFR,100,1.0
A14IECP4XFVEFR,101,1.0
A14IECP4XFVEFR,200,2.0
A5DB9OBBOOX6M,203,1.5
A5DB9OBBOOX6M,212,2.0
A20RO10FV0IOX,101,1.0
A20RO10FV0IOX,200,2.0
A20RO10FV0IOX,211,2.0
A9KHK0MZRZS39,100,1.0
A9KHK0MZRZS39,203,2.0
A1IOJ2LGMGISYM,202,1.0
A1IOJ2LGMGISYM,212,0.5
AS1QMPXIT1EGX,200,2.0
AS1QMPXIT1EGX,203,1.5
AS1QMPXIT1EGX,212,2.0
A2HO90QG8WXGEZ,200,1.0
A2HO90QG8WXGEZ,203,1.5
A2HO90QG8WXGEZ,222,1.0
AFRJKS3Z3H4CA,101,1.0
AFRJKS3Z3H4CA,202,2.0
AFRJKS3Z3H4CA,203,2.0
AFRJKS3Z3H4CA,212,2.0
A2G2SLPT39TUKP,101,1.0
A2G2SLPT39TUKP,202,1.0
A2G2SLPT39TUKP,211,1.0
A2G2SLPT39TUKP,222,2.0
A2SJC9VRBGNC58,100,1.0
A2SJC9VRBGNC58,101,1.0
A2SJC9VRBGNC58,212,2.0
A26KCHVCWDXX38,203,1.0
A26KCHVCWDXX38,212,2.0
A3RIBFIB7C8D20,101,1.0
A3RIBFIB7C8D20,200,1.0
A3RIBFIB7C8D20,202,2.0
A8RBSFRZQ6O9,203,2.0
ASB8T0H7L99RF,100,1.0
ASB8T0H7L99RF,101,1.0
ASB8T0H7L99RF,200,2.0
A3PJ51GS2AKBO6,101,1.0
A3PJ51GS2AKBO6,211,2.0
A38THML7DR8UXI,101,1.0
A38THML7DR8UXI,203,1.0
A38THML7DR8UXI,212,1.5
AZSAF65XFKDK7,202,2.0
AZSAF65XFKDK7,203,0.5
AZSAF65XFKDK7,212,2.0
AZSAF65XFKDK7,222,2.0
A3914P24XPNPY3,200,1.0
A3914P24XPNPY3,203,0.0
A3914P24XPNPY3,211,2.0
A1VGZ2K3HF66TE,100,1.0
A1VGZ2K3HF66TE,200,1.0
A1VGZ2K3HF66TE,203,2.0
A1T2162PMSEH0P,101,1.0
A1T2162PMSEH0P,202,2.0
A1T2162PMSEH0P,203,2.0
A1T2162PMSEH0P,212,2.0
A2V78B2QWOM6RK,101,1.0
A2V78B2QWOM6RK,200,2.0
A2V78B2QWOM6RK,203,2.0
A26X7XEDEKFJF6,203,1.0
A26X7XEDEKFJF6,212,2.0
AW34JRQ2PDQAV,101,1.0
A1A2X0T1XE8K89,202,1.0
A1A2X0T1XE8K89,203,1.0
A1RXG8RE0SJ4LC,100,1.0
AH28OMNQKFBRT,200,1.0
A28N4YR1LYTKOC,101,1.0
A28N4YR1LYTKOC,200,1.3333333333333333
A28N4YR1LYTKOC,211,1.0
A1E94IWWIEHV7S,100,0.0
A1E94IWWIEHV7S,200,1.0
A1E94IWWIEHV7S,203,1.0
A1E94IWWIEHV7S,211,0.0
A1ZSFIIIU3WH9G,101,2.0
A1ZSFIIIU3WH9G,200,1.0
A1ZSFIIIU3WH9G,203,1.0
A1NFBKUYYVUYWF,101,1.0
A1NFBKUYYVUYWF,200,1.0
A2G7N0X0PNX0EE,200,1.0
A2G7N0X0PNX0EE,203,2.0
A2G7N0X0PNX0EE,212,2.0
AU0NZI2T3R792,203,1.0
AU0NZI2T3R792,222,2.0
A24AGTG17G0HJH,203,1.0
AD2JL6BFSL5UF,200,2.0
AD2JL6BFSL5UF,202,0.5
AD2JL6BFSL5UF,211,0.0
AU3IU9PKEL7RB,101,1.0
AU3IU9PKEL7RB,202,2.0
AU3IU9PKEL7RB,203,1.0
AU3IU9PKEL7RB,212,1.0
A1QJ2VPPZG16EG,203,1.0
A1QJ2VPPZG16EG,211,1.0
A384DW1A7HI9Z7,203,1.6666666666666667
A384DW1A7HI9Z7,211,2.0
A10VLJT7V96D9W,202,2.0
A10VLJT7V96D9W,203,1.3333333333333333
A3FJWFCS4WM9ER,101,0.0
A3FJWFCS4WM9ER,202,2.0
A3FJWFCS4WM9ER,203,1.0
A2A2J1LFFRKY2Q,100,1.0
A2A2J1LFFRKY2Q,211,1.0
A3CXJ18H14DXBN,200,1.0
A3CXJ18H14DXBN,202,1.0
A3CXJ18H14DXBN,203,1.0
A3CXJ18H14DXBN,211,2.0
A3CXJ18H14DXBN,212,1.0
A1CXMDUNE9A6VO,100,0.0
A1CXMDUNE9A6VO,200,2.0
A1CXMDUNE9A6VO,211,1.0
A1SZCPDUF1M409,101,1.0
A1SZCPDUF1M409,202,2.0
A1SZCPDUF1M409,212,2.0
A2JRONMDBUJT3K,100,1.0
A2JRONMDBUJT3K,101,1.0
A2JRONMDBUJT3K,212,2.0
A3696JXTRKL2FI,100,2.0
A3696JXTRKL2FI,101,2.0
A3696JXTRKL2FI,200,0.0
A3696JXTRKL2FI,203,1.0
A31ZQLN5HTZZOS,200,1.0
A31ZQLN5HTZZOS,203,1.0
A31ZQLN5HTZZOS,211,2.0
A1OZPLHNIU1519,100,1.0
A1OZPLHNIU1519,101,1.0
A1OZPLHNIU1519,203,1.0
A279YSE7NB16M0,100,1.0
A279YSE7NB16M0,200,2.0
A279YSE7NB16M0,202,2.0
A279YSE7NB16M0,211,2.0
A279YSE7NB16M0,222,2.0
A1S6QWSCBRYSFZ,101,1.0
A1S6QWSCBRYSFZ,202,1.0
A1S6QWSCBRYSFZ,203,1.0
A3CIN7QGB3XJI9,100,1.0
A3CIN7QGB3XJI9,200,2.0
A3CIN7QGB3XJI9,203,1.0
AKNYT1NTK2UFK,202,2.0
AKNYT1NTK2UFK,203,1.3333333333333333
AKNYT1NTK2UFK,212,1.0
A2W547SNOCMC25,100,1.0
A2W547SNOCMC25,101,1.0
A2W547SNOCMC25,212,2.0
A3UEAWMRV5YQ6V,100,2.0
A3UEAWMRV5YQ6V,200,1.0
A3UEAWMRV5YQ6V,203,0.5
A14D297BQB6QF3,200,2.0
A14D297BQB6QF3,203,2.0
A14D297BQB6QF3,211,2.0
A1KFGU5623A7H,100,1.0
A1KFGU5623A7H,101,1.0
A1ANQNM1UC1PFQ,100,0.5
A1ANQNM1UC1PFQ,101,2.0
A1ANQNM1UC1PFQ,202,2.0
A1AZAC9CPBEP6K,100,0.0
A1AZAC9CPBEP6K,202,2.0
A1AZAC9CPBEP6K,203,1.5
A1AZAC9CPBEP6K,211,1.0
A2L5QDGSMYUS7C,100,1.0
A2L5QDGSMYUS7C,203,1.75
A1MA0200HZTP4C,100,1.0
A1MA0200HZTP4C,101,1.0
A1MA0200HZTP4C,202,2.0
A1MA0200HZTP4C,203,2.0
A3579N2TITA69M,203,1.3333333333333333
A3579N2TITA69M,211,2.0
A3579N2TITA69M,212,2.0
AHV4U78TUUDKI,100,1.0
AHV4U78TUUDKI,203,0.0
AHV4U78TUUDKI,212,1.0
A2WJGI7XNUBRND,101,1.0
A2WJGI7XNUBRND,202,1.0
A25D66AC4QUW2U,100,2.0
A25D66AC4QUW2U,101,2.0
A25D66AC4QUW2U,202,0.0
A25D66AC4QUW2U,203,2.0
A25D66AC4QUW2U,212,2.0
A30ZXZT1EVLB0T,101,1.0
A30ZXZT1EVLB0T,202,2.0
A30ZXZT1EVLB0T,212,2.0
ANPTFK4AAFGA1,203,0.5
ANPTFK4AAFGA1,212,2.0
A3ULZGQA5AQMTD,211,1.0
A1GLF2427E02YG,101,1.0
A1GLF2427E02YG,200,0.0
A1GLF2427E02YG,203,0.5
A1GLF2427E02YG,212,2.0
ALDQRWYZ8KQ9A,200,2.0
ALDQRWYZ8KQ9A,202,2.0
ALDQRWYZ8KQ9A,203,1.8333333333333333
A3TK7HVFEKB00R,200,1.0
A3TK7HVFEKB00R,203,2.0
A3OF9HAEZVBQ3G,202,2.0
A3G55RJTW3BSGM,101,2.0
A3G55RJTW3BSGM,200,2.0
A3G55RJTW3BSGM,203,2.0
A2G5ZASH1MGQTV,100,2.0
A2G5ZASH1MGQTV,200,1.0
A2G5ZASH1MGQTV,212,0.5
ANGB67ECCF73,101,1.0
ANGB67ECCF73,200,2.0
ANGB67ECCF73,211,2.0
A30KO1ZDD4E02J,200,0.6666666666666666
A30KO1ZDD4E02J,211,1.0
A0137396XUHSY2QWRNC0,100,1.0
A0137396XUHSY2QWRNC0,203,2.0
A0137396XUHSY2QWRNC0,211,2.0
A0137396XUHSY2QWRNC0,212,2.0
A0137396XUHSY2QWRNC0,222,2.0
AFQAKV1GPPP9H,202,2.0
AFQAKV1GPPP9H,203,1.0
AFQAKV1GPPP9H,211,2.0
A2602OOFDKNFS8,100,1.0
A2602OOFDKNFS8,101,0.0
A2602OOFDKNFS8,203,2.0
A1JNC3HWWHJD2J,101,0.5
A1JNC3HWWHJD2J,200,2.0
A1JNC3HWWHJD2J,203,0.0
A31UXXZVI3U4E2,100,1.0
A31UXXZVI3U4E2,200,0.0
A31UXXZVI3U4E2,203,2.0
A31UXXZVI3U4E2,212,2.0
A2DPD0ZZQ437JD,100,0.0
A2DPD0ZZQ437JD,200,0.0
A2DPD0ZZQ437JD,203,1.5
A3HG5P476PI3GA,100,0.0
A3HG5P476PI3GA,101,1.0
A3HG5P476PI3GA,200,1.0
A3HG5P476PI3GA,202,0.0
A3KOVCQYR8K3HY,100,1.5
A3KOVCQYR8K3HY,203,1.0
A3KOVCQYR8K3HY,212,2.0
A26ZENZ5G8AEGM,200,2.0
A26ZENZ5G8AEGM,203,2.0
A1XLGIFFGB01EU,100,1.0
A1XLGIFFGB01EU,200,2.0
A1XLGIFFGB01EU,202,1.0
A1XLGIFFGB01EU,212,2.0
A14WLAP6TCEKO0,100,2.0
A14WLAP6TCEKO0,200,1.0
A14WLAP6TCEKO0,202,1.0
A14WLAP6TCEKO0,203,2.0
A106ZWSYEM18J2,100,0.0
A106ZWSYEM18J2,101,1.0
A106ZWSYEM18J2,211,1.0
A1JL8N1PWIFDH2,202,1.0
A1JL8N1PWIFDH2,211,1.0
A1XV5A1UPCOPDH,100,1.0
A1XV5A1UPCOPDH,101,0.0
A1XV5A1UPCOPDH,200,1.0
A1XV5A1UPCOPDH,203,1.0
A4H114PG421UP,202,2.0
A3M8JA9XN1J04B,203,1.0
A2A7VABUK61FFH,101,2.0
A2A7VABUK61FFH,203,2.0
A1A3TGZ7DKJWRW,101,2.0
A1A3TGZ7DKJWRW,202,2.0
A1A3TGZ7DKJWRW,203,2.0
A3Q1EZDNIUK41P,100,1.0
A3Q1EZDNIUK41P,202,1.0
A3Q1EZDNIUK41P,203,2.0
A1KJV3S1EK7LUT,203,2.0
A1KJV3S1EK7LUT,211,2.0
A1KJV3S1EK7LUT,212,2.0
A2O31IKB0RQXPE,200,0.0
A2O31IKB0RQXPE,202,1.0
A2O31IKB0RQXPE,203,1.0
A2O31IKB0RQXPE,211,2.0
A2O31IKB0RQXPE,212,1.0
ANMXMEB55AGM6,100,0.0
ANMXMEB55AGM6,101,1.0
ANMXMEB55AGM6,202,2.0
ANMXMEB55AGM6,203,1.0
A1BUBB41AO8TZ9,100,1.0
A1BUBB41AO8TZ9,101,1.0
A1BUBB41AO8TZ9,211,2.0
A1G2U62KJ13ZF0,101,2.0
A1G2U62KJ13ZF0,203,0.5
A6660NMTNCKCH,100,0.5
A6660NMTNCKCH,200,1.0
A6660NMTNCKCH,203,0.5
AEH7OCOCDDJ3K,200,2.0
AEH7OCOCDDJ3K,202,2.0
AEH7OCOCDDJ3K,203,1.0
AEH7OCOCDDJ3K,211,2.0
A79ON3CGDXXQG,101,1.0
A79ON3CGDXXQG,203,0.0
A3TJV5PUNWWB9L,200,2.0
A3TJV5PUNWWB9L,202,2.0
A3TJV5PUNWWB9L,203,2.0
A3RFAA33ASU4Z0,202,1.25
A3RFAA33ASU4Z0,212,2.0
A3A4AWBGG0O5ML,101,1.0
A3A4AWBGG0O5ML,202,2.0
A2LW1BUGTPU7RX,100,1.0
A2LW1BUGTPU7RX,200,2.0
A2LW1BUGTPU7RX,222,1.0
A2A1D52ZPSW6L9,101,2.0
A2A1D52ZPSW6L9,200,1.0
A2A1D52ZPSW6L9,202,1.0
A2A1D52ZPSW6L9,203,1.0
A1YYDRHVY4LL8K,202,1.5
A1YYDRHVY4LL8K,203,1.0
A3P5WIW36V70AI,200,2.0
A3P5WIW36V70AI,203,0.0
A3P5WIW36V70AI,211,0.0
A2269W9SSZQMZO,200,1.5
A2269W9SSZQMZO,203,2.0
AD1WGUMVD6KED,203,1.6666666666666667
AD1WGUMVD6KED,212,2.0
A1XH79A0MUMSOO,101,1.0
A1XH79A0MUMSOO,202,1.3333333333333333
A1XH79A0MUMSOO,203,1.0
A1WPV6J39K5Z2K,101,1.0
A1WPV6J39K5Z2K,200,2.0
A1WPV6J39K5Z2K,203,1.0
A1WPV6J39K5Z2K,212,1.5
A2T22FJ28MIGI,101,1.0
A2T22FJ28MIGI,202,2.0
A2T22FJ28MIGI,203,2.0
ANV4TUKMWLA8E,203,1.6666666666666667
A2O76FE5NQWOC8,100,2.0
A2O76FE5NQWOC8,101,1.0
A2O76FE5NQWOC8,200,2.0
A2O76FE5NQWOC8,202,2.0
A2O76FE5NQWOC8,203,2.0
AJACXA5FC5BYZ,100,1.0
AJACXA5FC5BYZ,200,1.5
A1P3YDRJGXWPDT,101,0.0
A1P3YDRJGXWPDT,202,1.0
A1P3YDRJGXWPDT,211,1.0
A1P3YDRJGXWPDT,212,0.0
A2Q0G312LESWK7,100,1.0
A2Q0G312LESWK7,101,1.0
A2Y2RVQO2UVFV1,100,2.0
A2Y2RVQO2UVFV1,200,0.0
A2Y2RVQO2UVFV1,202,1.5
A2Y2RVQO2UVFV1,203,0.0
A3GRXY8IYDHWK6,202,0.0
A3GRXY8IYDHWK6,203,1.5
A3LKPARORDKLWT,101,1.0
A3LKPARORDKLWT,200,0.0
A3LKPARORDKLWT,202,2.0
A3LKPARORDKLWT,211,2.0
A1KGCOR8OXYR72,100,2.0
A1KGCOR8OXYR72,101,1.0
A1KGCOR8OXYR72,202,2.0
A2XKIP0PJ3FJ20,202,2.0
A2XKIP0PJ3FJ20,203,0.3333333333333333
A2XKIP0PJ3FJ20,212,1.0
A1QIJ8PQO27CJC,100,1.0
A1QIJ8PQO27CJC,202,2.0
A1QIJ8PQO27CJC,203,2.0
A2O2Q0LVWOWJ1G,100,2.0
A2O2Q0LVWOWJ1G,101,1.0
A2O2Q0LVWOWJ1G,211,1.0
ATKRL38OZAKZN,200,2.0
ATKRL38OZAKZN,202,2.0
ATKRL38OZAKZN,203,1.5
ATKRL38OZAKZN,222,2.0
A24NDC7JH9LEM1,202,2.0
A24NDC7JH9LEM1,203,0.3333333333333333
A24NDC7JH9LEM1,212,1.0
AJ6IIWWL0KF5Q,100,1.0
AJ6IIWWL0KF5Q,202,2.0
AJ6IIWWL0KF5Q,203,2.0
AJ6IIWWL0KF5Q,212,2.0
AWW4I36TBGE2D,202,0.0
AWW4I36TBGE2D,203,1.0
AWW4I36TBGE2D,211,2.0
A16UUHKOGIBHNX,100,1.5
A16UUHKOGIBHNX,200,0.0
A16UUHKOGIBHNX,203,2.0
A3N8JP3QR3VPE8,101,1.0
A3N8JP3QR3VPE8,222,2.0
A1IU5OP7BBZHZ7,200,2.0
A1IU5OP7BBZHZ7,202,2.0
A1IU5OP7BBZHZ7,211,1.0
A2JY6WOBMDGBGY,100,1.0
A2JY6WOBMDGBGY,101,0.5
A2JY6WOBMDGBGY,212,2.0
A173LV77LF3SHB,200,2.0
A173LV77LF3SHB,203,2.0
A173LV77LF3SHB,211,2.0
ATV65PFDODC08,203,2.0
ATV65PFDODC08,212,2.0
AL0IT4RSPIWGK,100,1.0
AL0IT4RSPIWGK,202,1.0
AL0IT4RSPIWGK,203,1.0
AL0IT4RSPIWGK,212,0.0
A2DXSHR0ZWHIYD,100,0.0
A2DXSHR0ZWHIYD,101,1.0
A2DXSHR0ZWHIYD,203,0.0
ACUVVGMLPM2NQ,100,0.0
ACUVVGMLPM2NQ,101,1.0
ACUVVGMLPM2NQ,203,1.0
ACUVVGMLPM2NQ,212,1.0
A30N5H4N4C22N8,222,1.0
A1MIR0TP081SKT,100,1.0
A1MIR0TP081SKT,101,2.0
A1MIR0TP081SKT,212,0.0
A330N7LVL2IOVZ,100,1.0
A330N7LVL2IOVZ,200,1.6666666666666667
A330N7LVL2IOVZ,203,0.0
AEK2SAEL9GG39,101,1.0
AEK2SAEL9GG39,200,2.0
AEK2SAEL9GG39,211,0.0
AEK2SAEL9GG39,212,0.0
A23DPGTXU8VUG2,100,1.0
A23DPGTXU8VUG2,101,1.0
A23DPGTXU8VUG2,212,1.0
A3PDAJ7LMQMZZ6,101,1.0
A3PDAJ7LMQMZZ6,200,1.0
A3PDAJ7LMQMZZ6,211,1.0
A3DMZISDAHNJIZ,202,2.0
A3DMZISDAHNJIZ,203,1.5
A3H965G71QLETZ,203,1.75
A3F9IQB0297J9D,202,0.6666666666666666
A3F9IQB0297J9D,203,1.0
A3F9IQB0297J9D,211,2.0
ATL88E7W705EG,101,0.6666666666666666
ATL88E7W705EG,202,1.0
A37IDH6SRRZ247,101,1.0
A37IDH6SRRZ247,203,1.0
A37IDH6SRRZ247,212,2.0
A1AV5D442NJWQN,200,2.0
A1AV5D442NJWQN,203,2.0
A1AV5D442NJWQN,211,2.0
A3PCYGS91UTBQ9,101,1.0
A3PCYGS91UTBQ9,200,2.0
A3PCYGS91UTBQ9,222,2.0
A2WHQWJD3OQDVN,100,1.0
A1BIJGB7XA0GME,101,2.0
A1BIJGB7XA0GME,200,1.0
A1BIJGB7XA0GME,203,1.0
A17TJCEP04BEZ4,200,1.0
A39AG1ZJOFH634,100,1.0
A39AG1ZJOFH634,222,2.0
A2B09H7FKW643D,200,0.5
A2B09H7FKW643D,202,2.0
A2B09H7FKW643D,203,0.0
A1R3W25JDAUQ09,100,2.0
A1R3W25JDAUQ09,200,0.0
A1R3W25JDAUQ09,203,1.6666666666666667
AQB67HZSYQBF2,101,1.0
AQB67HZSYQBF2,202,1.0
AQB67HZSYQBF2,203,0.0
A3LDNYF163XZI6,100,1.0
A3LDNYF163XZI6,101,1.0
A3LDNYF163XZI6,222,1.0
AB774I47XHB4K,101,0.5
AB774I47XHB4K,203,1.0
AB774I47XHB4K,211,2.0
A3RD75HSSMVHKM,100,0.0
A3RD75HSSMVHKM,202,1.0
A3RD75HSSMVHKM,203,0.5
A3GM78FCDY293T,100,1.0
A1XVYOL52UT8T9,100,1.0
A1XVYOL52UT8T9,101,1.0
A1XVYOL52UT8T9,212,2.0
A3G8YLXW8BU1GP,101,1.0
A3G8YLXW8BU1GP,200,1.0
A3G8YLXW8BU1GP,202,1.0
A3G8YLXW8BU1GP,203,1.0
A100Y89FZO4J0B,101,1.0
A100Y89FZO4J0B,200,2.0
A100Y89FZO4J0B,203,1.3333333333333333
A10DJS6B57HHT7,100,1.0
A10DJS6B57HHT7,200,1.0
A1SWV4X4PD25S1,100,2.0
A1SWV4X4PD25S1,200,1.0
A1SWV4X4PD25S1,203,1.5
A1H198MRIM37T1,101,1.0
A1H198MRIM37T1,200,2.0
A1H198MRIM37T1,203,2.0
A3D61CCA0LVMWV,200,2.0
A3D61CCA0LVMWV,211,2.0
A3D61CCA0LVMWV,212,1.0
A11R8G0FYA2UVQ,100,2.0
A11R8G0FYA2UVQ,101,2.0
A11R8G0FYA2UVQ,212,2.0
AI7YTRYN64K0Z,200,0.0
AI7YTRYN64K0Z,202,0.0
AI7YTRYN64K0Z,203,0.0
A2BXVBVLIA1237,100,1.0
A2BXVBVLIA1237,203,1.5
A2BXVBVLIA1237,212,2.0
A1G3GN1MWUT25I,101,1.0
A1G3GN1MWUT25I,211,2.0
A2BWRGOY975VVV,101,1.0
A2BWRGOY975VVV,203,2.0
A2BWRGOY975VVV,211,2.0
A1XDXU43RJY8X7,101,0.0
A1XDXU43RJY8X7,202,0.0
A1XDXU43RJY8X7,211,2.0
A1XDXU43RJY8X7,212,1.0
A1CA1PH52XPXPR,202,2.0
A1UCB0D27PY623,100,0.0
A1UCB0D27PY623,101,1.0
A1UCB0D27PY623,200,0.0
A1UCB0D27PY623,202,2.0
ATIWKEQ7WB1VH,100,1.0
ATIWKEQ7WB1VH,101,1.0
ATIWKEQ7WB1VH,202,2.0
ATIWKEQ7WB1VH,203,1.5
A1BTABA4W0RU55,211,1.0
A1BTABA4W0RU55,212,1.0
A1J4AZL6MZ675U,100,1.0
A1J4AZL6MZ675U,101,1.0
A2ZRJMJTE6ID97,100,1.0
A2ZRJMJTE6ID97,200,0.0
A2ZRJMJTE6ID97,203,0.0
A292QSLC0BUT0O,100,0.0
A292QSLC0BUT0O,212,1.3333333333333333
A370MPTHYDCDKX,100,1.0
A370MPTHYDCDKX,101,1.0
A370MPTHYDCDKX,203,1.0
A38RG04G2OC3UQ,100,1.0
A38RG04G2OC3UQ,200,1.0
A38RG04G2OC3UQ,203,1.0
A3OCBPXIEIWOHV,100,1.0
A3OCBPXIEIWOHV,101,1.0
A3OCBPXIEIWOHV,212,2.0
A15QFI76W7P5F0,202,1.0
A15QFI76W7P5F0,203,0.0
A15QFI76W7P5F0,212,1.0
A3AU7L204D8TZK,200,0.5
A3AU7L204D8TZK,202,2.0
A3AU7L204D8TZK,203,1.0
A3AU7L204D8TZK,211,1.0
A2FUF8Z8WCFAR2,212,2.0
A1TNQU9L5L62PL,203,1.0
A8UM292EGKZ14,222,2.0
A26MRON9XGPVB5,203,2.0
A3T0NH9OY5KTG1,101,0.0
A3T0NH9OY5KTG1,200,1.0
A3T0NH9OY5KTG1,203,1.0
A3T0NH9OY5KTG1,212,2.0
A3EVR7FOPM6EA0,100,1.0
A3EVR7FOPM6EA0,101,1.0
A3EVR7FOPM6EA0,202,1.0
A3EVR7FOPM6EA0,203,1.0
A1P8M5BKOTAA8I,100,1.0
A1P8M5BKOTAA8I,101,1.5
A1AHREL15TMJSR,200,2.0
A1AHREL15TMJSR,202,2.0
A3KM197U5VY086,200,1.3333333333333333
A3KM197U5VY086,203,1.0
AU7A3QNJF3O00,100,2.0
AU7A3QNJF3O00,202,2.0
A36JP8HRN61Z3V,100,0.6666666666666666
A36JP8HRN61Z3V,211,1.0
A1O901WTP8TNIE,101,1.0
A1O901WTP8TNIE,202,2.0
A207149DHAS89K,200,2.0
A207149DHAS89K,203,0.5
A207149DHAS89K,211,2.0
A207149DHAS89K,222,2.0
A1ESM3HT7G0E6Z,202,2.0
A3CQDCNYJAX2X3,100,2.0
A3CQDCNYJAX2X3,202,2.0
A3CQDCNYJAX2X3,203,1.0
A3CQDCNYJAX2X3,211,1.0
A2WGW5Y3ZFBDEC,100,1.0
A2WGW5Y3ZFBDEC,203,1.0
A29RJVVL54THB5,101,1.0
A29RJVVL54THB5,203,1.5
A29RJVVL54THB5,211,2.0
A29RJVVL54THB5,212,2.0
AEQ95NMC3VXQ5,101,1.0
AEQ95NMC3VXQ5,203,1.0
AEQ95NMC3VXQ5,211,1.5
AEQ95NMC3VXQ5,212,2.0
A1HWI4N1RJGKYY,101,2.0
A1HWI4N1RJGKYY,203,1.0
A1HWI4N1RJGKYY,212,1.5
AUT9J39A2N4LH,202,2.0
AUT9J39A2N4LH,203,1.0
A1S5KQ3EQPX0GT,101,1.0
A1S5KQ3EQPX0GT,202,2.0
A2V28W4THGYYTQ,101,1.0
A2V28W4THGYYTQ,200,1.0
A2NT8U7GSYGISJ,101,1.0
A2NT8U7GSYGISJ,203,2.0
A2NT8U7GSYGISJ,211,2.0
A2NT8U7GSYGISJ,212,2.0
A77K8W55MJEKX,101,1.0
A77K8W55MJEKX,200,1.0
A77K8W55MJEKX,212,1.0
A2XJH3WC02RMXQ,101,0.0
A2XJH3WC02RMXQ,200,2.0
A2XJH3WC02RMXQ,202,1.0
A2XJH3WC02RMXQ,203,0.0
A36W7RZROOARHJ,101,1.0
A36W7RZROOARHJ,203,1.0
A36W7RZROOARHJ,212,1.0
A1OAJSMHB0YHWG,100,1.0
A1OAJSMHB0YHWG,203,1.5
ACVXBOS4CZGVQ,100,0.0
ACVXBOS4CZGVQ,202,1.0
ACVXBOS4CZGVQ,203,1.0
A1MXVNDUA0XQ3F,100,0.0
A1MXVNDUA0XQ3F,200,1.3333333333333333
A1MXVNDUA0XQ3F,203,2.0
A2VGC7KPMJ9A40,200,2.0
A2VGC7KPMJ9A40,203,2.0
A2VGC7KPMJ9A40,211,2.0
AFXEBGX1I0ZR3,101,1.0
AFXEBGX1I0ZR3,211,2.0
A311S2J8UUQ7QR,101,1.0
A311S2J8UUQ7QR,203,2.0
A311S2J8UUQ7QR,212,2.0
A311S2J8UUQ7QR,222,2.0
A1GF29TP5AVQ49,203,2.0
A1GF29TP5AVQ49,211,2.0
A1GF29TP5AVQ49,212,2.0
A1GF29TP5AVQ49,222,1.0
A1JX6IVMV5RPO6,200,0.0
A1JX6IVMV5RPO6,202,2.0
A1JX6IVMV5RPO6,203,2.0
A29HUSCMP9TKWW,200,2.0
A29HUSCMP9TKWW,202,2.0
A29HUSCMP9TKWW,203,2.0
A29HUSCMP9TKWW,222,2.0
A2FM87EO99KRQ7,200,2.0
A2FM87EO99KRQ7,202,2.0
A2FM87EO99KRQ7,203,1.0
A2FM87EO99KRQ7,212,1.0
A39ROW50DWRRKT,200,2.0
A39ROW50DWRRKT,203,0.5
A38HODAQUKJKKS,200,1.0
A38HODAQUKJKKS,203,1.5
A38HFMRXB5Q13M,101,1.0
A38HFMRXB5Q13M,203,2.0
A38HFMRXB5Q13M,212,2.0
A1E0KQK232FG0W,100,1.0
A1E0KQK232FG0W,101,1.5
A1E0KQK232FG0W,202,2.0
A26D4H8UHMF9DZ,203,1.3333333333333333
A26D4H8UHMF9DZ,212,1.5
AS68QSR9OKM0N,100,1.0
AS68QSR9OKM0N,202,2.0
AS68QSR9OKM0N,203,1.0
AS68QSR9OKM0N,211,1.0
A2MWAXV1YRK5GH,200,2.0
A2MWAXV1YRK5GH,202,1.5
A2MWAXV1YRK5GH,211,1.0
AP71FLGZN13DG,101,1.0
AP71FLGZN13DG,203,2.0
A2MH7VT69O390F,100,1.0
A2MH7VT69O390F,200,1.5
A2MH7VT69O390F,203,1.0
A38430CKSXSBLI,200,0.5
A38430CKSXSBLI,202,1.0
A38430CKSXSBLI,203,0.0
AEKOPV99Z7L85,101,1.0
AEKOPV99Z7L85,200,0.0
AEKOPV99Z7L85,203,2.0
A1DRFDGG2KCOI2,101,0.0
A1DRFDGG2KCOI2,200,0.0
A1DRFDGG2KCOI2,211,1.0
AUQ79MANVDU9b,101,1.0
AUQ79MANVDU9b,200,1.0
AUQ79MANVDU9b,211,2.0
ATSLRGR0Q491Z,200,0.0
ATSLRGR0Q491Z,203,2.0
ATSLRGR0Q491Z,222,2.0
A2BO2BA19Z3Y38,100,0.0
A2BO2BA19Z3Y38,202,1.0
A2BO2BA19Z3Y38,203,0.0
A2HGDILIMZWQI9,203,2.0
A2HGDILIMZWQI9,212,1.0
A1JMB9Z7EYHU1O,101,1.0
A38DC3BG1ZCVZ2,100,1.0
A38DC3BG1ZCVZ2,101,1.0
A2QGQOWEM9G55,100,2.0
A2QGQOWEM9G55,101,1.0
A2QGQOWEM9G55,211,2.0
AAGP5VATPK8N2,200,2.0
AAGP5VATPK8N2,202,2.0
AAGP5VATPK8N2,203,2.0
A2EL6CXCGP4OB0,101,2.0
A2EL6CXCGP4OB0,200,1.0
A2EL6CXCGP4OB0,203,1.5
A2EL6CXCGP4OB0,211,2.0
A3CZFTXS9EQSY3,100,0.0
A3CZFTXS9EQSY3,101,1.0
A3CZFTXS9EQSY3,200,2.0
A3CZFTXS9EQSY3,203,1.0
A3CZFTXS9EQSY3,212,2.0
AYKZ9H4BNW810,100,0.0
AYKZ9H4BNW810,203,1.0
AYKZ9H4BNW810,212,2.0
A1KQWBK5WHCNYQ,101,1.0
A1KQWBK5WHCNYQ,203,1.6666666666666667
A1KQWBK5WHCNYQ,212,2.0
A36ZLJPURT0ILP,100,1.0
A36ZLJPURT0ILP,101,0.0
A36ZLJPURT0ILP,203,2.0
A1I8HSDL5ZYHJ1,100,1.0
A1I8HSDL5ZYHJ1,200,2.0
A1I8HSDL5ZYHJ1,203,1.0
A1I8HSDL5ZYHJ1,212,1.0
A4M2EA2J10E7K,200,2.0
A4M2EA2J10E7K,202,2.0
A4M2EA2J10E7K,203,2.0
A4M2EA2J10E7K,211,2.0
A219VCQZADQ45W,100,1.0
A219VCQZADQ45W,202,1.0
AVHZJ2HQJG3NB,100,1.0
AVHZJ2HQJG3NB,202,2.0
AVHZJ2HQJG3NB,203,2.0
AVHZJ2HQJG3NB,212,1.0
A39Q4SNT7SRK94,200,1.0
A39Q4SNT7SRK94,202,2.0
A39Q4SNT7SRK94,203,2.0
AJNQDG8RPYULZ,100,2.0
AJNQDG8RPYULZ,200,0.0
AJNQDG8RPYULZ,203,1.0
A18FK1XR73EQ2W,100,0.5
A18FK1XR73EQ2W,203,0.0
A273EH17NSJRH0,203,1.0
A273EH17NSJRH0,212,1.0
A273EH17NSJRH0,222,2.0
A1II7WOCQ4M6E5,202,2.0
A1II7WOCQ4M6E5,212,2.0
A1II7WOCQ4M6E5,222,2.0
A2RVEG53L48BAE,101,1.0
A2RVEG53L48BAE,200,2.0
A2RVEG53L48BAE,203,2.0
AFHYKBNXB3FQ2,100,2.0
AFHYKBNXB3FQ2,200,1.5
A1D0C0LV5259S6,100,1.0
A1D0C0LV5259S6,212,1.0
A1D0C0LV5259S6,222,2.0
A3AIX82WZQZB5A,200,2.0
A3AIX82WZQZB5A,203,2.0
A3AIX82WZQZB5A,222,2.0
A2A5G51GDBOMLJ,101,2.0
A2A5G51GDBOMLJ,200,1.0
A3U7TRQS729GNW,200,2.0
A3U7TRQS729GNW,202,2.0
A3U7TRQS729GNW,203,1.6666666666666667
A2RRYVYUDNK2GB,100,1.0
A2RRYVYUDNK2GB,101,1.0
A2RRYVYUDNK2GB,203,1.5
A2RRYVYUDNK2GB,211,2.0
A13P7QQDWVU76V,100,1.0
A13P7QQDWVU76V,101,1.0
A3PYB8Z6FFWSOV,100,1.0
A3PYB8Z6FFWSOV,211,2.0
A3VYSIS1WIAUCU,101,1.0
A3VYSIS1WIAUCU,202,1.0
A3VYSIS1WIAUCU,203,1.0
A3VYSIS1WIAUCU,222,2.0
AAWMZ1HKXEFNY,203,1.0
AAWMZ1HKXEFNY,211,2.0
AAWMZ1HKXEFNY,212,2.0
A1CC1ESUM2JWJ2,101,1.0
A1CC1ESUM2JWJ2,203,1.0
A1TH0PTGDSBWMO,100,0.0
A1TH0PTGDSBWMO,202,1.0
A2Q9MSAMQZ5SGS,200,1.0
A2Q9MSAMQZ5SGS,203,1.0
A2Q9MSAMQZ5SGS,212,2.0
A2Q9MSAMQZ5SGS,222,2.0
A2AR1V5R7ZZGL2,200,1.0
A2AR1V5R7ZZGL2,202,2.0
A2AR1V5R7ZZGL2,203,1.0
A2AR1V5R7ZZGL2,222,2.0
A1JDDBMSI4TBXN,202,2.0
A1JDDBMSI4TBXN,203,0.6666666666666666
A1JDDBMSI4TBXN,212,2.0
A1FSPD1LIOXCN1,100,1.0
A1FSPD1LIOXCN1,200,2.0
A1FSPD1LIOXCN1,202,2.0
A1FSPD1LIOXCN1,212,2.0
A24SALNR7BBAXY,101,2.0
A1QS9R9N56Q1A6,100,1.0
A1QS9R9N56Q1A6,101,1.0
A3HUD3CNH2GXGW,100,1.0
A3HUD3CNH2GXGW,101,1.0
A3HUD3CNH2GXGW,200,2.0
A3HUD3CNH2GXGW,212,2.0
A3DZ46U9XRLVBI,101,1.0
A3DZ46U9XRLVBI,202,1.0
AOW8XHXW76DSF,200,2.0
AOW8XHXW76DSF,203,1.0
A1YQ13SUZBWB7O,100,0.0
A1YQ13SUZBWB7O,203,0.5
A3K2DJJV5DWBFD,200,2.0
A3K2DJJV5DWBFD,211,2.0
A3K2DJJV5DWBFD,212,2.0
A22KRF782ELLB0,100,1.0
A22KRF782ELLB0,202,1.0
A22KRF782ELLB0,211,1.0
A37I58C4258IPX,100,1.0
A37I58C4258IPX,203,0.5
A37I58C4258IPX,211,2.0
AK6BDWGS7SL6G,101,0.0
AK6BDWGS7SL6G,200,0.0
AK6BDWGS7SL6G,211,2.0
A2RG7VZAKGDEXI,200,1.0
A2RG7VZAKGDEXI,202,0.0
A2RG7VZAKGDEXI,203,2.0
A4M7FP9SHESSZ,200,1.0
A4M7FP9SHESSZ,203,0.3333333333333333
ACNID00UIEL1T,101,1.0
ACNID00UIEL1T,200,0.0
ACNID00UIEL1T,203,0.3333333333333333
AE39BR846NHHW,101,2.0
AE39BR846NHHW,211,1.0
A3PDTUA1YLJTMC,100,1.0
A3PDTUA1YLJTMC,101,1.0
A3PDTUA1YLJTMC,200,0.0
A3PDTUA1YLJTMC,203,0.0
A271BMHV42XZPU,100,1.0
A271BMHV42XZPU,101,1.0
A271BMHV42XZPU,202,2.0
A271BMHV42XZPU,203,1.0
A24YZF7UFVXEIM,101,0.0
A24YZF7UFVXEIM,200,1.0
A24YZF7UFVXEIM,203,1.0
A24YZF7UFVXEIM,212,1.0
A24YZF7UFVXEIM,222,2.0
A1SO9R81HMMIQD,100,0.0
A1SO9R81HMMIQD,203,0.6666666666666666
A1SO9R81HMMIQD,222,2.0
A3A6IRYD075F4P,100,1.0
A3A6IRYD075F4P,200,1.0
A149MN8UN8O976,202,1.5
A149MN8UN8O976,203,1.0
A149MN8UN8O976,222,2.0
A27O2IILV3S5YS,100,2.0
A3V70AZ39FPZ5V,100,0.0
A3V70AZ39FPZ5V,101,1.0
A3V70AZ39FPZ5V,202,2.0
A3V70AZ39FPZ5V,203,1.0
AZM83R37R6I5K,202,1.0
AZM83R37R6I5K,203,1.0
AZM83R37R6I5K,211,1.0
AZM83R37R6I5K,212,2.0
ABUXM7VAW5SKJ,100,1.0
ABUXM7VAW5SKJ,200,1.0
ABUXM7VAW5SKJ,212,1.0
A18T2RB58399AD,100,1.0
A18T2RB58399AD,202,1.0
A18T2RB58399AD,203,0.6666666666666666
A39K9RKR1YHQOR,101,0.0
A39K9RKR1YHQOR,202,1.0
A39K9RKR1YHQOR,203,1.5
A39K9RKR1YHQOR,212,0.0
A1crd463rzuexe,100,1.0
A1crd463rzuexe,101,1.0
A1crd463rzuexe,202,0.0
A1crd463rzuexe,212,1.0
A1RZXAMDKQO6RN,100,1.0
A1RZXAMDKQO6RN,101,1.0
A1RZXAMDKQO6RN,203,1.0
A39C3299FW5PTO,100,1.0
A39C3299FW5PTO,101,1.0
A39C3299FW5PTO,203,2.0
A273AB0Z9KBLGG,101,0.5
A273AB0Z9KBLGG,200,2.0
A273AB0Z9KBLGG,202,2.0
A273AB0Z9KBLGG,212,1.0
A31LPSIQ9A7RWV,100,0.5
A31LPSIQ9A7RWV,101,1.0
A31LPSIQ9A7RWV,203,1.0
A31LPSIQ9A7RWV,212,2.0
A70L26UXLTGLC,200,2.0
A70L26UXLTGLC,202,0.0
A70L26UXLTGLC,203,1.3333333333333333
A2QJEZZWUPNL4A,200,1.5
AH31QLJ57XC8W,100,1.0
AH31QLJ57XC8W,101,1.0
AH31QLJ57XC8W,203,0.0
AH31QLJ57XC8W,212,2.0
A3OQIVVNLXU5RL,200,0.6666666666666666
A3OQIVVNLXU5RL,211,1.0
A3B6K6TUKM2133,200,1.0
A3B6K6TUKM2133,202,1.0
A3B6K6TUKM2133,203,1.3333333333333333
A1JXSNKXAXT9OU,100,1.0
A1JXSNKXAXT9OU,202,2.0
A1JXSNKXAXT9OU,203,2.0
A1JXSNKXAXT9OU,212,1.0
A8MDEQ4Y2YB7J,101,1.0
A8MDEQ4Y2YB7J,202,2.0
A8MDEQ4Y2YB7J,203,2.0
A1HU9IOTYXB4YY,100,1.0
A1HU9IOTYXB4YY,203,1.5
A3AW92ZT3WY05A,202,2.0
A3AW92ZT3WY05A,203,2.0
A3AW92ZT3WY05A,222,2.0
AENDL556NCWUA,101,1.0
AENDL556NCWUA,211,2.0
AENDL556NCWUA,212,1.0
A1ONILGBGJ8Y5K,101,2.0
A1ONILGBGJ8Y5K,200,0.0
A1ONILGBGJ8Y5K,202,2.0
A2D4E1C1UD7ZK6,101,0.0
A2D4E1C1UD7ZK6,203,0.0
A2D4E1C1UD7ZK6,212,1.0
A3ICWVGCEDRXS0,100,0.0
A3ICWVGCEDRXS0,202,2.0
A13G469LJFEIYZ,100,0.0
A13G469LJFEIYZ,200,0.0
A13G469LJFEIYZ,202,2.0
A13G469LJFEIYZ,203,2.0
A34BY0C3SS3DCI,100,0.0
A34BY0C3SS3DCI,200,0.0
A34BY0C3SS3DCI,203,1.0
A34BY0C3SS3DCI,222,2.0
A27BUT19WQ6P1O,200,2.0
A2RYN1S6OSO9KX,100,0.0
A2RYN1S6OSO9KX,202,2.0
A2RYN1S6OSO9KX,203,0.5
A2RYN1S6OSO9KX,212,2.0
A1NGXQMOBCXDC3,101,2.0
A1NGXQMOBCXDC3,200,2.0
A1NGXQMOBCXDC3,203,2.0
A1NGXQMOBCXDC3,211,2.0
A1NGXQMOBCXDC3,212,2.0
A1ZZINLCZZYOH4,100,1.0
A1ZZINLCZZYOH4,203,0.0
A3O81LHBBI8NPK,202,2.0
A3O81LHBBI8NPK,212,2.0
A3O81LHBBI8NPK,222,2.0
AH6PQTU8QFO8U,101,1.0
AH6PQTU8QFO8U,200,1.0
A2CY1G4VJV3G85,100,0.0
A2CY1G4VJV3G85,101,1.0
A2CY1G4VJV3G85,200,2.0
A2CY1G4VJV3G85,202,2.0
A2CY1G4VJV3G85,203,0.0
A24L9F9PD7ADP7,101,1.0
A24L9F9PD7ADP7,200,2.0
A24L9F9PD7ADP7,203,2.0
A24L9F9PD7ADP7,212,1.5
A3BUWQ5C39GRQC,100,1.0
A3BUWQ5C39GRQC,211,2.0
A3U74S280Z4B0,203,1.0
A3U74S280Z4B0,211,2.0
A3U74S280Z4B0,212,2.0
A1JVO7FLPATHUB,200,1.0
A1JVO7FLPATHUB,202,2.0
A1JVO7FLPATHUB,212,2.0
A1XVZCQ983ETMR,100,0.0
A1XVZCQ983ETMR,101,1.0
A1XVZCQ983ETMR,200,0.0
A1XVZCQ983ETMR,202,1.0
A11E4KZZJMWA6Z,200,1.0
A11E4KZZJMWA6Z,203,1.5
A11E4KZZJMWA6Z,211,2.0
A11E4KZZJMWA6Z,212,2.0
AVXEDARJC5HLU,100,1.0
AVXEDARJC5HLU,200,2.0
AVXEDARJC5HLU,202,2.0
A3HNKN92O6Y0OQ,100,1.0
A3HNKN92O6Y0OQ,101,1.0
A3HNKN92O6Y0OQ,202,2.0
A3HNKN92O6Y0OQ,203,1.0
A34V8L66BJ7K91,100,0.0
A34V8L66BJ7K91,222,2.0
A2179VLITZ8QHP,100,2.0
A2179VLITZ8QHP,101,1.0
A2179VLITZ8QHP,200,0.0
A2179VLITZ8QHP,202,1.0
A2179VLITZ8QHP,212,2.0
A3UQM89QJ1V6M4,101,1.0
A3UQM89QJ1V6M4,200,0.0
A3UQM89QJ1V6M4,211,1.0
A24N00FSJO3DZP,101,1.0
A24N00FSJO3DZP,200,2.0
A24N00FSJO3DZP,202,2.0
A24N00FSJO3DZP,203,2.0
A13XS8F6QHRT6H,101,1.0
A13XS8F6QHRT6H,200,2.0
A13XS8F6QHRT6H,203,2.0
A5L6EWPGSPQED,100,1.0
A5L6EWPGSPQED,101,1.0
A5L6EWPGSPQED,202,2.0
A5L6EWPGSPQED,203,2.0
A5L6EWPGSPQED,212,2.0
A3TITCJXEZJVR8,101,1.0
A3TITCJXEZJVR8,203,2.0
A1ZSL5ZLN9DLAK,200,1.5
A1ZSL5ZLN9DLAK,203,1.5
A1ZSL5ZLN9DLAK,212,1.0
AUI3XDJ4Z5WK6,200,2.0
AUI3XDJ4Z5WK6,203,0.6666666666666666
A2T5CROJ0FWIJY,200,2.0
A2T5CROJ0FWIJY,202,2.0
A2T5CROJ0FWIJY,203,2.0
AA0QKSSEQ0B6Q,203,1.5
AA0QKSSEQ0B6Q,212,2.0
AA0QKSSEQ0B6Q,222,2.0
A191C7LXF3HKCJ,100,1.0
A191C7LXF3HKCJ,101,0.0
A191C7LXF3HKCJ,203,1.0
ANVAFB99K5RKP,100,1.0
ANVAFB99K5RKP,101,2.0
ANVAFB99K5RKP,211,2.0
ABSK944CGG5N,100,0.0
ABSK944CGG5N,101,0.5
ABSK944CGG5N,200,2.0
ABSK944CGG5N,212,2.0
A1ICZRR7BO5HLU,100,0.0
A1ICZRR7BO5HLU,101,1.0
A1ICZRR7BO5HLU,203,2.0
A1ICZRR7BO5HLU,211,1.0
A1OU9O4WETRJBL,100,1.0
A2BL0NJ8A8X050,100,0.0
A2BL0NJ8A8X050,202,2.0
A2BL0NJ8A8X050,203,1.0
A2BL0NJ8A8X050,222,2.0
A2KJHPO5XPM3UJ,203,1.5
A1QTQISKEHWSKZ,100,2.0
A1QTQISKEHWSKZ,203,0.0
A1QTQISKEHWSKZ,211,1.0
A14J86Y1L3RCQ0,101,1.0
A14J86Y1L3RCQ0,200,0.0
A14J86Y1L3RCQ0,202,0.0
A14J86Y1L3RCQ0,203,0.0
AUEQO381ITWV1,200,0.0
AUEQO381ITWV1,202,2.0
AUEQO381ITWV1,203,2.0
AUEQO381ITWV1,212,2.0
AUEQO381ITWV1,222,2.0
A3IMND1XWD1O98,202,2.0
A3IMND1XWD1O98,203,1.0
A3IMND1XWD1O98,212,2.0
A3IMND1XWD1O98,222,0.0
AF9NG1PF59D1U,101,2.0
AF9NG1PF59D1U,203,2.0
A1OQ52KDFMOJGR,101,1.0
A3VP27UUQ34OXK,101,1.0
A3VP27UUQ34OXK,200,1.5
A3VP27UUQ34OXK,202,1.0
A98XHW6B1VSSQ,100,1.0
A98XHW6B1VSSQ,203,0.0
A3HXCMU4MOPSQI,101,1.0
A3HXCMU4MOPSQI,200,2.0
A3HXCMU4MOPSQI,203,2.0
A3HXCMU4MOPSQI,212,2.0
A1IM6TFN3AAMBY,100,0.0
A1IM6TFN3AAMBY,203,0.0
A1IM6TFN3AAMBY,222,1.0
A3QRDQQYN0UIGX,200,2.0
A3QRDQQYN0UIGX,202,2.0
A3QRDQQYN0UIGX,211,2.0
A2N9K0196RFNHA,100,1.0
A2N9K0196RFNHA,203,2.0
A1AYWUSULABAXL,100,1.0
A1AYWUSULABAXL,101,1.0
A1AYWUSULABAXL,200,2.0
AR24CTAWN9GI0,200,2.0
AR24CTAWN9GI0,203,1.5
AR24CTAWN9GI0,212,1.3333333333333333
A2SNMMSKX224GR,101,1.0
A2SNMMSKX224GR,203,1.0
A2SNMMSKX224GR,211,1.0
A2AO7QP5THYKQF,200,0.0
A2AO7QP5THYKQF,203,0.0
A2AO7QP5THYKQF,211,1.0
A2YCMT5BPA0AG9,211,1.0
A2YCMT5BPA0AG9,212,1.0
AAEZQL4J6CQGM,200,1.0
AAEZQL4J6CQGM,203,1.0
A3CYS14RCWT0OO,100,0.5
A3CYS14RCWT0OO,200,2.0
A3CYS14RCWT0OO,212,1.0
AKG7VBOY97HKA,100,1.0
AKG7VBOY97HKA,101,1.0
AKG7VBOY97HKA,203,1.5
A2UWR71P2TLT9K,200,2.0
A2UWR71P2TLT9K,211,1.0
A2UWR71P2TLT9K,212,1.0
ADKKDK6P4MS1Z,101,1.0
ADKKDK6P4MS1Z,200,2.0
ADKKDK6P4MS1Z,203,2.0
ADKKDK6P4MS1Z,222,2.0
ARFV302JOUOF,100,1.0
ARFV302JOUOF,101,1.0
ARFV302JOUOF,203,2.0
ARFV302JOUOF,212,2.0
A33HGOYXB0DYWH,101,1.0
A33HGOYXB0DYWH,203,2.0
A115PR5C0O03UJ,202,2.0
A115PR5C0O03UJ,203,1.5
A115PR5C0O03UJ,212,2.0
A115PR5C0O03UJ,222,2.0
A2OZTBCBOCHF9E,100,1.5
A2OZTBCBOCHF9E,101,1.0
A2OZTBCBOCHF9E,203,1.0
A2OG7XGWOX5ZEF,203,1.5
A2OG7XGWOX5ZEF,212,2.0
A1UNJWWSAB1D59,101,2.0
A1UNJWWSAB1D59,202,2.0
A1OSRB1Q63XXWZ,200,2.0
A1OSRB1Q63XXWZ,202,2.0
A1OSRB1Q63XXWZ,212,2.0
A25ROS9CH7PSFZ,200,2.0
A25ROS9CH7PSFZ,203,1.6666666666666667
A38VMTKS30TQZB,100,1.0
A38VMTKS30TQZB,101,2.0
A38VMTKS30TQZB,222,2.0
A139RQM0HWVLC5,101,2.0
A139RQM0HWVLC5,200,1.5
A139RQM0HWVLC5,203,1.0
A139RQM0HWVLC5,212,1.0
AYDILOZLKOAS8,100,1.0
AYDILOZLKOAS8,101,1.0
AYDILOZLKOAS8,212,2.0
A2YMHHRV5ZIRKM,202,2.0
A2YMHHRV5ZIRKM,203,2.0
A2YMHHRV5ZIRKM,212,1.6666666666666667
A2LXPQS44US390,101,1.5
A2LXPQS44US390,200,2.0
A2LXPQS44US390,203,1.0
A1XAOEDK0Y2KBT,100,0.0
A1XAOEDK0Y2KBT,200,0.0
A1XAOEDK0Y2KBT,202,2.0
A1XAOEDK0Y2KBT,211,2.0
AMDX0UNZS4A1G,100,0.0
AMDX0UNZS4A1G,101,1.0
AMDX0UNZS4A1G,203,1.0
AMDX0UNZS4A1G,212,2.0
APYYV3B1MT2B6,200,1.0
APYYV3B1MT2B6,202,1.0
APYYV3B1MT2B6,211,1.0
APYYV3B1MT2B6,212,2.0
A3VBSPUPG256EK,200,2.0
A3VBSPUPG256EK,202,2.0
A3VBSPUPG256EK,203,2.0
A3VBSPUPG256EK,211,2.0
A34B7TQWNBW2EV,101,1.0
A34B7TQWNBW2EV,202,2.0
A34B7TQWNBW2EV,203,1.5
A1BZC4P1LTSFW1,100,1.0
A1BZC4P1LTSFW1,203,1.0
A9MJVJAMLCDMV,202,0.0
A9MJVJAMLCDMV,203,1.0
A9MJVJAMLCDMV,211,1.0
A9MJVJAMLCDMV,212,2.0
A2W3QPD493MHEI,101,1.0
A2W3QPD493MHEI,203,1.5
A2W3QPD493MHEI,211,2.0
ASH55LLJVVBOZ,200,2.0
ASH55LLJVVBOZ,203,1.5
ASH55LLJVVBOZ,211,2.0
AC47RDUMYXM4P,100,1.0
AC47RDUMYXM4P,101,1.0
AC47RDUMYXM4P,203,2.0
A1NLJ1L4VCQYV2,200,0.0
A1NLJ1L4VCQYV2,203,1.0
A1NLJ1L4VCQYV2,212,2.0
A1NLJ1L4VCQYV2,222,2.0
A1B5SSGMTAQ9B5,100,2.0
A1B5SSGMTAQ9B5,101,1.0
A1B5SSGMTAQ9B5,212,1.0
A1ING769NXJIHR,200,0.0
A1ING769NXJIHR,202,2.0
A1ING769NXJIHR,203,2.0
A1ING769NXJIHR,212,2.0
A1ING769NXJIHR,222,2.0
AAZW4HK74XMNL,100,1.0
AAZW4HK74XMNL,203,1.0
AAZW4HK74XMNL,211,2.0
A18PW6Z2QDFL1M,200,1.0
A18PW6Z2QDFL1M,203,1.0
A18PW6Z2QDFL1M,211,1.0
A2MLUZXL293Q7H,101,2.0
A2MLUZXL293Q7H,202,2.0
A2MLUZXL293Q7H,203,1.5
A1PMQY9CDRN6VJ,100,2.0
A1PMQY9CDRN6VJ,212,1.0
A217W59SA6LZSR,101,1.0
A217W59SA6LZSR,200,0.0
A217W59SA6LZSR,203,1.0
A3DXFLNJ9BXRBS,101,1.0
A3DXFLNJ9BXRBS,203,2.0
A3DXFLNJ9BXRBS,211,2.0
A79MOUAP34RVB,100,1.5
A79MOUAP34RVB,203,2.0
A33249GFIAKI1G,101,2.0
A33249GFIAKI1G,203,0.0
A33249GFIAKI1G,212,1.0
AYYBMS4XQJ9AP,101,1.0
AYYBMS4XQJ9AP,203,1.5
A6HR4PTSCMZ4L,100,1.0
A6HR4PTSCMZ4L,202,2.0
A6HR4PTSCMZ4L,211,2.0
A3OB3T7ZDKXLKE,200,1.0
A3OB3T7ZDKXLKE,203,1.0
A3OB3T7ZDKXLKE,211,1.0
A14O2NZK81OSQ3,100,0.0
A14O2NZK81OSQ3,101,1.0
A14O2NZK81OSQ3,203,1.0
A2LS0IJ90DA0UY,100,1.0
A2LS0IJ90DA0UY,101,0.5
ATNCWXU09OPI0,202,0.0
ATNCWXU09OPI0,203,2.0
ATNCWXU09OPI0,211,1.0
ATNCWXU09OPI0,222,2.0
A1PKPMAIW8KHON,100,1.0
A1PKPMAIW8KHON,101,1.0
A1PKPMAIW8KHON,202,2.0
A1PKPMAIW8KHON,212,2.0
A2P065E9CYMYJL,101,1.0
A2P065E9CYMYJL,200,2.0
A2P065E9CYMYJL,202,1.3333333333333333
A150GMV1YQWWB3,101,1.0
A150GMV1YQWWB3,200,0.0
A150GMV1YQWWB3,202,2.0
A150GMV1YQWWB3,211,1.0
A150GMV1YQWWB3,222,2.0
A1VZSFHTU51JP0,101,1.0
A1VZSFHTU51JP0,211,2.0
A1VZSFHTU51JP0,212,2.0
AIHMZCVRHFVWC,100,1.0
AIHMZCVRHFVWC,200,1.0
AIHMZCVRHFVWC,203,1.0
A1IK1JPSPHDYOW,100,1.0
A1IK1JPSPHDYOW,101,1.0
ARSXA2ZPDMVVL,101,2.0
A3OYUJ6E6BJS4H,101,2.0
A3OYUJ6E6BJS4H,200,1.0
A3OYUJ6E6BJS4H,211,2.0
A3OYUJ6E6BJS4H,212,2.0
A8KX1HFH8NE2Q,100,0.0
A8KX1HFH8NE2Q,200,1.0
A8KX1HFH8NE2Q,203,1.0
A8KX1HFH8NE2Q,212,2.0
A1ZPYSX30BDIVW,100,1.0
A1ZPYSX30BDIVW,101,1.0
A1ZPYSX30BDIVW,212,2.0
A1C6U6K4KW7PYL,100,1.0
A1C6U6K4KW7PYL,200,1.0
A1C6U6K4KW7PYL,203,2.0
A1M1TSMJB12177,202,1.0
A1M1TSMJB12177,203,1.0
A1M1TSMJB12177,211,1.5
A1NITMHYG5YL3H,101,2.0
A1NITMHYG5YL3H,203,0.6666666666666666
A1NITMHYG5YL3H,212,2.0
A8RAYYZKGDBQD,100,1.0
A8RAYYZKGDBQD,101,1.0
A8RAYYZKGDBQD,203,1.0
A15K0L6NGQXOM0,100,1.0
A15K0L6NGQXOM0,101,1.0
A15K0L6NGQXOM0,200,2.0
A15K0L6NGQXOM0,212,2.0
A3U6IA3JUSFZ2M,101,1.0
A3U6IA3JUSFZ2M,202,2.0
A3U6IA3JUSFZ2M,203,1.5
A1AQK667NBERJ1,100,2.0
A1AQK667NBERJ1,202,1.0
A1AQK667NBERJ1,212,2.0
A3NAHN61XJ3ZAT,100,0.5
A3NAHN61XJ3ZAT,202,2.0
A3NAHN61XJ3ZAT,203,2.0
A3NAHN61XJ3ZAT,211,2.0
A9UCDP0W2FVAV,101,1.0
A9UCDP0W2FVAV,200,0.0
A9UCDP0W2FVAV,202,0.5
A9UCDP0W2FVAV,212,1.0
A2C36K809MJ7YQ,101,1.0
A2C36K809MJ7YQ,200,1.0
A2C36K809MJ7YQ,222,1.0
A1JRMSNROZ1JX5,200,2.0
A1JRMSNROZ1JX5,202,2.0
A1JRMSNROZ1JX5,211,2.0
A3I1W58P6SIV26,200,0.0
A3I1W58P6SIV26,203,1.3333333333333333
A3I1W58P6SIV26,212,1.0
A1OK974KXKO6FJ,202,2.0
A1OK974KXKO6FJ,203,1.6666666666666667
A1OK974KXKO6FJ,211,1.0
A28CFZOKLSV2JA,100,1.0
A28CFZOKLSV2JA,101,1.0
A28CFZOKLSV2JA,203,2.0
A16SR2HQIWRFD6,202,1.5
A16SR2HQIWRFD6,203,2.0
A16SR2HQIWRFD6,211,1.0
A16SR2HQIWRFD6,212,2.0
A1KAM5ZQ964VBE,101,1.0
A1KAM5ZQ964VBE,203,1.0
A1KAM5ZQ964VBE,212,1.0
A8A18JVCPOROY,101,1.0
A8A18JVCPOROY,202,2.0
A8A18JVCPOROY,212,2.0
A3A2IFA1WCMOQT,200,2.0
A3A2IFA1WCMOQT,202,1.0
A3A2IFA1WCMOQT,203,2.0
A3P74FP62XNVYI,202,2.0
A3P74FP62XNVYI,203,1.0
A3P74FP62XNVYI,222,2.0
A299CU7U9QX3E7,200,2.0
A299CU7U9QX3E7,202,2.0
A299CU7U9QX3E7,203,1.3333333333333333
A5YVMQWA2IYPF,200,2.0
A5YVMQWA2IYPF,203,1.0
A5YVMQWA2IYPF,211,2.0
A5YVMQWA2IYPF,222,2.0
A1QNSTTYHRGJAT,101,0.0
A1QNSTTYHRGJAT,203,0.0
A1QNSTTYHRGJAT,211,2.0
A3JHXEH79DJ83L,101,1.0
A3JHXEH79DJ83L,200,1.0
A3JHXEH79DJ83L,203,2.0
A3JHXEH79DJ83L,212,1.0
A14MOF84FC52MB,202,1.6666666666666667
A14MOF84FC52MB,203,2.0
A21QMMJHOSG779,200,2.0
A21QMMJHOSG779,202,0.0
A21QMMJHOSG779,203,0.0
A21QMMJHOSG779,212,1.0
A21QMMJHOSG779,222,1.0
AFLO6QJ7SDRDQ,203,1.0
A2YPWT2UKHWRN0,100,1.0
A2YPWT2UKHWRN0,200,2.0
A25CAT0W9W97Z8,101,1.0
A2F0X4LN9N4O4C,202,2.0
ABQ65VUI4C9RK,100,1.0
ABQ65VUI4C9RK,203,1.0
A2SENAPNSXG9L,200,0.0
A2SENAPNSXG9L,203,1.0
A2SENAPNSXG9L,211,1.0
A2SENAPNSXG9L,212,2.0
AX2CMBWBPSS8N,202,1.6666666666666667
AX2CMBWBPSS8N,212,2.0
A1BNQ6H4SJZ2X5,100,1.0
A37S72JHDSZJY9,100,1.0
A37S72JHDSZJY9,212,2.0
A37S72JHDSZJY9,222,2.0
A2460MAJX0NA82,200,0.0
A2460MAJX0NA82,202,0.0
A2460MAJX0NA82,203,1.3333333333333333
A2Y043PGKEODND,100,0.0
A2Y043PGKEODND,203,0.0
A2Y043PGKEODND,211,1.0
A1YSYI926BBOHW,200,2.0
A1YSYI926BBOHW,203,2.0
A1YSYI926BBOHW,211,2.0
A1YSYI926BBOHW,212,2.0
A3NAISGBQM3JZ9,100,1.0
A3NAISGBQM3JZ9,200,2.0
A3NAISGBQM3JZ9,203,1.0
A3NAISGBQM3JZ9,212,2.0
A1K03T7XQ5E86Q,200,2.0
A1K03T7XQ5E86Q,203,2.0
A25AJ66CYVUTBR,100,0.0
A25AJ66CYVUTBR,200,0.0
A25AJ66CYVUTBR,202,2.0
A25AJ66CYVUTBR,212,1.0
A25AJ66CYVUTBR,222,0.0
AAUL2LHAGUDOF,200,2.0
AAUL2LHAGUDOF,211,2.0
AVU1N78F92K93,101,1.0
AVU1N78F92K93,203,1.0
A1Z048705962W6,203,1.0
A1Z048705962W6,211,2.0
A1Z048705962W6,212,1.0
A1Z048705962W6,222,1.5
A1M03U3W99BGZ4,202,1.0
A1M03U3W99BGZ4,203,0.6666666666666666
A1M03U3W99BGZ4,212,2.0
A3096ZOP616ZIN,100,0.0
A3096ZOP616ZIN,203,2.0
A3096ZOP616ZIN,212,2.0
A3MJ47AD05HGC,100,0.5
A3MJ47AD05HGC,101,1.0
A3MJ47AD05HGC,202,2.0
A1GKTC682SWY23,100,1.0
A1GKTC682SWY23,200,2.0
A1GKTC682SWY23,202,2.0
A1GKTC682SWY23,203,2.0
AVFM2KLVSXDBC,100,1.0
AVFM2KLVSXDBC,202,2.0
AVFM2KLVSXDBC,203,1.5
AVFM2KLVSXDBC,222,2.0
A3393HRM9KT2FG,200,1.0
A3393HRM9KT2FG,203,2.0
A3FGT6EU39C6S4,202,1.0
A1LJ4WAEDGELVL,200,2.0
A1LJ4WAEDGELVL,211,2.0
A2WX9BYW5TI8OA,100,0.0
A2WX9BYW5TI8OA,101,1.5
A2WX9BYW5TI8OA,203,1.0
A2WX9BYW5TI8OA,211,2.0
A1P3Z24Y6GRNVA,100,1.0
A387WXZGACGSO0,100,2.0
A387WXZGACGSO0,203,1.0
ABMPX2Y2IRBMG,100,1.0
ABMPX2Y2IRBMG,200,1.6666666666666667
A2V9WQ4ZG1NUNP,202,0.0
A2V9WQ4ZG1NUNP,203,1.0
A2V9WQ4ZG1NUNP,212,0.0
A2V9WQ4ZG1NUNP,222,0.0
A1S5W9N861BFLD,100,1.0
A1S5W9N861BFLD,203,1.0
A13NR1YRKAAXPB,101,1.0
A13NR1YRKAAXPB,202,2.0
A13NR1YRKAAXPB,203,2.0
AC5LU9TF9CTK9,100,1.0
AC5LU9TF9CTK9,200,2.0
AC5LU9TF9CTK9,202,2.0
A39FP1YS6NHZOL,100,1.0
A39FP1YS6NHZOL,101,2.0
A39FP1YS6NHZOL,202,2.0
A39FP1YS6NHZOL,211,2.0
A1F669OTXWIJW0,101,0.0
A1F669OTXWIJW0,211,1.0
A1F669OTXWIJW0,212,1.0
A1P7ZED14W8QPK,100,0.0
A1P7ZED14W8QPK,101,1.0
A1P7ZED14W8QPK,203,1.5
A1P7ZED14W8QPK,212,1.0
A1WH32GYQOHIRQ,100,0.5
A1WH32GYQOHIRQ,203,1.0
A28ZPY6D5AS7GZ,101,1.0
A28ZPY6D5AS7GZ,212,2.0
A9L9G563HS81X,100,2.0
A9L9G563HS81X,101,0.5
A9L9G563HS81X,203,2.0
A9L9G563HS81X,211,0.0
A1TLNLB9D87H6,200,2.0
A1TLNLB9D87H6,202,2.0
A1TLNLB9D87H6,212,2.0
A2H1QUGX0SOUMH,100,1.0
A2CEUCPDECS6U3,200,0.0
A28L1K6D8QUCML,101,1.0
A28L1K6D8QUCML,203,2.0
A28L1K6D8QUCML,211,2.0
A28L1K6D8QUCML,212,2.0
A128USPL1FXS4A,101,0.5
A128USPL1FXS4A,211,2.0
A3AY20RTOQD3NU,100,1.0
A3AY20RTOQD3NU,203,1.0
A3AY20RTOQD3NU,211,2.0
A1KLJYA23TAOIS,200,2.0
A1KLJYA23TAOIS,202,2.0
A1KLJYA23TAOIS,203,2.0
A1KLJYA23TAOIS,212,2.0
A1KLJYA23TAOIS,222,2.0
A544VW8YTMPJP,101,1.0
A544VW8YTMPJP,202,2.0
A544VW8YTMPJP,203,0.0
A544VW8YTMPJP,212,1.0
A2H4HYDU6FFAMQ,101,0.0
A2H4HYDU6FFAMQ,200,0.0
A2H4HYDU6FFAMQ,211,2.0
A311MXCR6O92VW,200,0.0
A311MXCR6O92VW,202,2.0
A311MXCR6O92VW,203,2.0
A1O81SOPKHK5RZ,202,2.0
A1O81SOPKHK5RZ,212,2.0
A1O81SOPKHK5RZ,222,2.0
A1APYLD4DUK33J,100,2.0
A1APYLD4DUK33J,202,2.0
A1APYLD4DUK33J,203,2.0
A1APYLD4DUK33J,211,2.0
A2R02DYCDLY75U,200,2.0
A2R02DYCDLY75U,202,2.0
A2R02DYCDLY75U,203,2.0
A2R02DYCDLY75U,212,2.0
AFQKLIYNCVZTL,101,1.0
AFQKLIYNCVZTL,202,2.0
AFQKLIYNCVZTL,212,2.0
A2U92EC7PR8JLR,202,1.0
A2U92EC7PR8JLR,203,1.0
A2U92EC7PR8JLR,211,1.0
A2MG1LLIKMGAMX,101,1.0
A2MG1LLIKMGAMX,202,1.0
AD7CUW86FWEKT,100,0.0
AD7CUW86FWEKT,202,2.0
AD7CUW86FWEKT,203,1.0
AD7CUW86FWEKT,212,2.0
A391RJ8646SYY1,101,1.0
A391RJ8646SYY1,202,1.0
A355HOQUSI7GID,200,0.0
A355HOQUSI7GID,203,1.0
A355HOQUSI7GID,211,1.0
A1WA3VMWGQJPYS,202,2.0
A1WA3VMWGQJPYS,203,1.6666666666666667
A1WA3VMWGQJPYS,222,2.0
A1T6EY2JB6S5ZZ,202,0.5
A1T6EY2JB6S5ZZ,203,1.0
A1T6EY2JB6S5ZZ,222,0.0
A37AJI03M37NPJ,203,1.0
A37AJI03M37NPJ,212,1.0
AU6EN0UU4170H,203,2.0
A2AVFNOKFHQ2ME,100,0.0
A2AVFNOKFHQ2ME,101,1.0
A2AVFNOKFHQ2ME,211,1.0
A2AVFNOKFHQ2ME,212,2.0
AIR4UQNPIMFCJ,100,0.0
AIR4UQNPIMFCJ,101,1.0
AIR4UQNPIMFCJ,203,2.0
A2DPKKEEW2I6QK,100,1.0
A2DPKKEEW2I6QK,101,1.0
A2DPKKEEW2I6QK,203,1.0
A3HAPMZV7CYDY8,202,2.0
A3HAPMZV7CYDY8,203,2.0
AT2N46TZC9DJ9,200,0.0
AT2N46TZC9DJ9,203,2.0
AT2N46TZC9DJ9,212,2.0
A20M6OQPEYYIK,211,1.0
A1EKGAXJ093V9,100,1.0
A1EKGAXJ093V9,202,2.0
A1EKGAXJ093V9,203,2.0
A1EKGAXJ093V9,212,2.0
A138BU1VWM2RKN,203,1.0
A1Y0Y6U906ABT5,101,1.0
A1Y0Y6U906ABT5,200,2.0
A1Y0Y6U906ABT5,202,2.0
A1Y0Y6U906ABT5,203,1.0
A1Y0Y6U906ABT5,222,2.0
A36DDHDQ56N60C,202,0.0
A36DDHDQ56N60C,203,1.0
A36DDHDQ56N60C,211,2.0
A26RO8GGTQAXGG,100,1.0
A26RO8GGTQAXGG,203,1.0
A26RO8GGTQAXGG,211,2.0
AS8BGRD5QFUTQ,203,1.75
AS8BGRD5QFUTQ,212,2.0
A5K76AYNR5OIH,200,2.0
A5K76AYNR5OIH,202,2.0
A5K76AYNR5OIH,203,2.0
A16UAN46CNIRHY,203,1.25
A16UAN46CNIRHY,211,2.0
A2J237J8KM3OCS,101,1.0
A2J237J8KM3OCS,200,0.0
A2J237J8KM3OCS,203,2.0
ANZKTE853UXSD,100,1.0
ANZKTE853UXSD,101,1.0
ANZKTE853UXSD,200,2.0
ANZKTE853UXSD,202,2.0
A1TL6GOSY0W1YC,200,1.0
A1TL6GOSY0W1YC,202,1.0
A1TL6GOSY0W1YC,203,1.0
A1YM0IWPC72J7V,100,0.0
A1YM0IWPC72J7V,212,1.0
AFNERWJK1G1GH,101,0.0
AFNERWJK1G1GH,200,2.0
AFNERWJK1G1GH,203,0.0
AU9JSBIVI1ZS1,200,1.5
AU9JSBIVI1ZS1,203,2.0
A3FHSUIIAFIUI3,202,2.0
A3FHSUIIAFIUI3,203,2.0
A1HDRB3VB48WJ8,100,0.0
A1HDRB3VB48WJ8,200,0.5
A1HDRB3VB48WJ8,202,2.0
A1HDRB3VB48WJ8,212,1.0
A3HVFSD8K94SOR,101,1.0
A3HVFSD8K94SOR,200,1.0
A3HVFSD8K94SOR,203,2.0
AOHFFIE48YQD4,203,1.6666666666666667
A2PK6YFQT74QJ4,100,1.0
A2PK6YFQT74QJ4,200,2.0
A2PK6YFQT74QJ4,202,0.0
A2PK6YFQT74QJ4,203,2.0
AEWGY34WUIA32,200,1.5
AEWGY34WUIA32,203,1.0
A216MK0DNQUN4G,200,0.0
A216MK0DNQUN4G,203,0.5
A216MK0DNQUN4G,212,2.0
A216MK0DNQUN4G,222,2.0
A2ZV96GRXVSXK4,203,1.0
A2ZV96GRXVSXK4,212,2.0
A19OCN9KO1NWNL,100,1.0
A3NS1DN6J7Z3EU,101,1.0
A3NS1DN6J7Z3EU,202,1.0
A3NS1DN6J7Z3EU,203,1.0
A3NS1DN6J7Z3EU,222,2.0
A18T7E73TNGOKP,101,0.0
A18T7E73TNGOKP,202,1.0
A18T7E73TNGOKP,203,1.0
A18T7E73TNGOKP,222,2.0
A3KVH7IYW9XEJX,101,1.0
A3KVH7IYW9XEJX,202,2.0
A3KVH7IYW9XEJX,212,2.0
A312SMN11YLE66,101,0.5
A312SMN11YLE66,200,0.5
A2MX9B3EOEGOU,200,2.0
A2MX9B3EOEGOU,203,2.0
A1DL33CNIMD4FO,200,0.0
A1DL33CNIMD4FO,203,1.0
A4T1X0PO5N1G9,100,1.0
A4T1X0PO5N1G9,200,1.0
A4T1X0PO5N1G9,202,2.0
A4T1X0PO5N1G9,203,2.0
A1S6C6EN8MPKC3,100,0.0
A1S6C6EN8MPKC3,200,0.0
A1S6C6EN8MPKC3,203,1.0
A2L9QL5S7KUL6V,212,1.0
A1DY4DM16TBFPL,202,2.0
A1DY4DM16TBFPL,203,1.6666666666666667
A1DY4DM16TBFPL,211,0.0
A1GV3SF9AKA8BU,100,1.0
A1GV3SF9AKA8BU,200,1.0
AY5J43G9KD11K,101,1.0
AY5J43G9KD11K,200,2.0
AY5J43G9KD11K,203,2.0
A2C7UETA9SL9SK,100,1.0
A2C7UETA9SL9SK,101,1.5
AAMG9JAECYHQ2,100,1.0
AAMG9JAECYHQ2,202,2.0
AAMG9JAECYHQ2,203,2.0
AAMG9JAECYHQ2,222,2.0
AX79WWW8GXBAS,200,1.0
AX79WWW8GXBAS,202,2.0
AX79WWW8GXBAS,212,2.0
AX79WWW8GXBAS,222,2.0
A364KJDYEBAWC9,200,1.0
A364KJDYEBAWC9,203,2.0
A1B4227M08K866,101,1.0
A1B4227M08K866,211,2.0
A11C9D55C41PB2,101,1.0
A11C9D55C41PB2,202,1.0
A11C9D55C41PB2,203,1.0
A9K0CV70JWG1W,200,0.0
A9K0CV70JWG1W,202,1.0
A9K0CV70JWG1W,203,0.5
A4J4GGMKJ68L0,101,1.0
A4J4GGMKJ68L0,200,1.0
A4J4GGMKJ68L0,202,2.0
A4J4GGMKJ68L0,203,2.0
A3MCZ0MJJCELIJ,100,2.0
A3MCZ0MJJCELIJ,203,1.0
A1G187YBG0DVMQ,202,2.0
A1G187YBG0DVMQ,203,2.0
A1G187YBG0DVMQ,211,2.0
A1RATFICCKLCQ,100,1.0
A1RATFICCKLCQ,203,2.0
A1RATFICCKLCQ,212,1.0
ADMTRXEG43HU0,101,2.0
ADMTRXEG43HU0,203,1.0
ADMTRXEG43HU0,212,0.0
A8ZUYKK47MVUQ,100,1.0
A8ZUYKK47MVUQ,101,1.0
A8ZUYKK47MVUQ,203,1.5
A3HNEYFOIJWPH1,100,1.0
A3HNEYFOIJWPH1,203,1.0
A3UUUI3JQIGG7O,100,0.0
A3UUUI3JQIGG7O,203,0.0
A1HUUSCZ4I5SOP,101,2.0
A1HUUSCZ4I5SOP,200,0.0
A1HUUSCZ4I5SOP,203,2.0
A1HUUSCZ4I5SOP,211,2.0
A1HUUSCZ4I5SOP,212,1.0
A3389CKDG69V5Q,100,1.0
A3389CKDG69V5Q,203,1.0
A3389CKDG69V5Q,211,1.0
AEY0183LLRYUX,101,1.0
AEY0183LLRYUX,203,1.5
A1C0H8G0Y115MN,101,1.0
A1C0H8G0Y115MN,203,2.0
A1C0H8G0Y115MN,212,2.0
AYHXK9JTG8IV3,202,2.0
AYHXK9JTG8IV3,203,2.0
AYHXK9JTG8IV3,212,2.0
AYHXK9JTG8IV3,222,2.0
A1VCAMP3XM62R4,101,1.5
A1VCAMP3XM62R4,203,1.0
ANXJRYZDKHNDV,100,1.0
ANXJRYZDKHNDV,202,2.0
ANXJRYZDKHNDV,211,2.0
ANXJRYZDKHNDV,212,2.0
A1A7U8TF7JAMGN,202,2.0
A1A7U8TF7JAMGN,203,1.5
A1A7U8TF7JAMGN,212,2.0
A3H0CLC0K4XE00,100,1.0
A3H0CLC0K4XE00,101,1.0
A3H0CLC0K4XE00,212,2.0
APGX2WZ59OWDN,200,1.0
APGX2WZ59OWDN,211,2.0
A20YCH1UOFGQZB,101,1.0
A20YCH1UOFGQZB,211,2.0
A20YCH1UOFGQZB,222,1.0
A1153ZIEQX0ZJ8,203,1.0
A1153ZIEQX0ZJ8,211,1.0
A1153ZIEQX0ZJ8,212,2.0
A1RDRK3QTM7U96,100,2.0
A1RDRK3QTM7U96,202,0.0
A1RDRK3QTM7U96,211,1.0
A3JI3B5GTVA95F,203,2.0
A3OEQPP51YIIMQ,100,0.0
A3OEQPP51YIIMQ,101,0.0
A3OEQPP51YIIMQ,203,2.0
A3DHJDGGSPEI0O,100,1.0
A3DHJDGGSPEI0O,101,1.0
A3DHJDGGSPEI0O,203,2.0
A25ZFH3PBOTIIW,200,2.0
A25ZFH3PBOTIIW,211,2.0
A320QA9HJFUOZO,100,0.0
A320QA9HJFUOZO,202,1.0
A320QA9HJFUOZO,203,1.0
A320QA9HJFUOZO,212,2.0
A22HX7JGLXHJQG,101,1.0
A22HX7JGLXHJQG,200,0.0
A22HX7JGLXHJQG,202,1.0
A22HX7JGLXHJQG,203,1.0
A3CF8ULBSE8MTL,101,1.0
A3CF8ULBSE8MTL,212,2.0
A3TBA7X9EF16W6,100,2.0
A2O4D0WJS54KCO,101,1.0
A2O4D0WJS54KCO,202,2.0
A2O4D0WJS54KCO,222,2.0
A2SKPF8W2LCJ0X,101,1.0
A2SKPF8W2LCJ0X,200,0.6666666666666666
A2SKPF8W2LCJ0X,211,1.0
A2HYPKCDQH8Y83,203,1.5
A2HYPKCDQH8Y83,222,2.0
A1JUAIMXSCKG5U,100,0.0
A1JUAIMXSCKG5U,101,2.0
A1JUAIMXSCKG5U,202,2.0
A1JUAIMXSCKG5U,203,2.0
A12QZLZILNDI4P,101,1.0
A12QZLZILNDI4P,203,1.0
A12QZLZILNDI4P,211,2.0
A2A8HRBDYBV6XJ,200,2.0
A2MBB133SZN59T,101,1.0
A2MBB133SZN59T,202,2.0
AS6FM754MF2B2,100,1.0
AS6FM754MF2B2,101,0.3333333333333333
AS6FM754MF2B2,200,0.0
A2P76QVLSGJR45,100,0.0
A2P76QVLSGJR45,202,2.0
A2P76QVLSGJR45,203,1.5
AUAN582MLI96N,100,1.0
AUAN582MLI96N,202,1.0
AMS2DNBF8BGUM,100,2.0
AMS2DNBF8BGUM,202,2.0
AMS2DNBF8BGUM,203,2.0
AMS2DNBF8BGUM,212,2.0
AFDOCG0RZGSXU,100,1.0
AFDOCG0RZGSXU,203,1.0
AFDOCG0RZGSXU,212,1.0
A9I6LVY4CKEN0,100,1.0
A9I6LVY4CKEN0,200,2.0
A9I6LVY4CKEN0,203,1.5
A2LT2201O6A4QS,100,0.0
A2LT2201O6A4QS,203,1.0
A2LT2201O6A4QS,212,2.0
A2NI99CLB8OQ1X,100,0.0
A2NI99CLB8OQ1X,202,0.0
A2NI99CLB8OQ1X,203,1.0
AFZ1ZGPJ5SR3L,203,1.0
AFZ1ZGPJ5SR3L,212,1.0
AFZ1ZGPJ5SR3L,222,0.5
AE1EFV0F152YV,101,1.0
AE1EFV0F152YV,203,2.0
AE1EFV0F152YV,211,2.0
A1W9AZXUUXAXB1,203,1.5
A1W9AZXUUXAXB1,211,2.0
A27GZN1JOOIAUW,100,0.0
A27GZN1JOOIAUW,101,0.0
A27GZN1JOOIAUW,200,1.0
A248TO3PTV0K5P,100,1.0
A248TO3PTV0K5P,101,1.0
A248TO3PTV0K5P,200,2.0
A248TO3PTV0K5P,211,1.0
A2VL4NTRZCSXK,100,2.0
A2VL4NTRZCSXK,202,1.3333333333333333
A2VL4NTRZCSXK,222,2.0
A20NITCOBY4775,202,1.0
A20NITCOBY4775,203,0.0
A20NITCOBY4775,212,2.0
A20NITCOBY4775,222,0.0
A7204W9E8IR1R,101,1.0
A7204W9E8IR1R,202,2.0
A7204W9E8IR1R,203,2.0
A7204W9E8IR1R,211,1.0
A7204W9E8IR1R,212,2.0
A251CVGBR9ARUW,100,0.0
A251CVGBR9ARUW,101,1.0
A251CVGBR9ARUW,202,1.0
A3B7TNVOISSZ2O,100,0.0
A3B7TNVOISSZ2O,101,1.0
A3B7TNVOISSZ2O,203,1.0
A3B7TNVOISSZ2O,212,2.0
AAJEPFSQNC6X,200,0.0
AAJEPFSQNC6X,203,2.0
AAJEPFSQNC6X,211,1.0
A2AQBLOIEWAYJD,100,1.0
A2AQBLOIEWAYJD,211,2.0
A2C39KTRMOM1XZ,101,1.0
A2C39KTRMOM1XZ,200,0.0
A2C39KTRMOM1XZ,203,0.0
AXZOTBEGBF5DV,101,1.0
AXZOTBEGBF5DV,202,2.0
AXZOTBEGBF5DV,203,2.0
AXZOTBEGBF5DV,211,1.0
AIWM0NH249ES7,101,1.5
AIWM0NH249ES7,202,2.0
A2PTZ1255EJ0LV,100,1.0
A2PTZ1255EJ0LV,101,0.0
A2PTZ1255EJ0LV,203,1.0
A2PTZ1255EJ0LV,211,1.0
A26L91YL0GDGD8,200,1.0
A26L91YL0GDGD8,203,1.0
A26L91YL0GDGD8,212,2.0
A3V1ZYXBJYCIIE,203,1.5
A3V1ZYXBJYCIIE,222,2.0
A30AA5KIB6ENE6,100,1.0
A30AA5KIB6ENE6,200,1.5
A30AA5KIB6ENE6,222,2.0
A1ZK5NE3OFED6F,101,2.0
A1ZK5NE3OFED6F,200,1.5
A1ZK5NE3OFED6F,203,2.0
A1ZK5NE3OFED6F,212,2.0
A2BM4OQ4QLFF8I,101,1.0
A2BM4OQ4QLFF8I,202,2.0
rlopezf,101,0.0
rlopezf,200,0.0
rlopezf,202,1.0
rlopezf,212,0.0
AAOAROZEED5JU,100,0.5
AAOAROZEED5JU,200,2.0
AAOAROZEED5JU,211,1.0
A2JUHWRYPJJNUG,100,1.3333333333333333
A2JUHWRYPJJNUG,200,0.0
